要在明十三陵官方账号定,差评
虽然是五星(｡•́︿•̀｡)表演木有看到~好多地方不开放~公交不方便~,差评
不好，跟着导游就去了大厅讲了一个故事150元没了，自己进去拍照还另收费，没有看到真正的黄陵感觉被坑了,差评
说实话门票不值这个钱！地上地下都没有什么看的，空空的，地下全是复制品！没有想象的有看头！还好没有买连票不得亏**啊！,差评
我证件齐全，其它的景点都可以进去，唯独那个长陵进不了，我晕，我证件齐全，也看过了，要是有问题的话，他们景区的工作人员干嘛一直叫我买联票，让我进去了三个景区，这十三陵没啥好玩的，客流量少，去了浪费钱，还有你去了，那里的工作人员会让你买联票，大家小心，谨慎购买。我今天亲身的经历，写出来给大家。以免上当受骗。下图有打孔的，代表有去过三个景区，长陵不让进，没打孔。,差评
就是一条路，没什么好玩啊好亏,差评
旅游团呢！一个电话也没有,差评
坐了半天车到那边，陵园已被盗砸了，地宫虽未盗，但是空空的，总之一片空，门票为什么这么贵真搞不懂～～出来后说用门票号可以换纪念品，觉得没得玩那就换个纪念品吧，结果只能换了个牙签大的珠子，商家的目的是吸引我们过去买其它的玉器品，醉了，，很失望，很遗憾。。,差评
真的很一般，如果没有导游讲解，地下宫正常速度走完的话也就五分钟，不包括上下几层楼梯时间。,差评
全家开车去了十三陵定陵，停车场地方很小，车位非常不好找。售票口人员一片慵懒，排了好长时间才进行兑换，整个从进场到出场，20分钟，什么景致都没有，真不值得一看,差评
正常的票价确实比网上贵几块钱，但是淡季还是现场买门票划算，因为根本用不到联票，白白浪费一半钱,差评
这不单单是定陵的门票！是通票，定陵单项门票才20•这个要37元！,差评
额，这价钱有点贵啊，只有博物馆看看就没啥了，金丝楠木，永乐大帝像，陵墓没开放,差评
很**。。票贵贵。。每个陵距离远要坐车，刚好长陵在修车场，走路去，走了30分钟，坑爹。又不能退票。。而且那点景色根本不值这么贵。。。。。特别提醒：不值得去。,差评
景点环境好，没什么特色可以看，十三陵通票的景点与景点之间相隔太远，没有互通的公交，只有黑车，,差评
什么破玩意，搞笑。1，说在app的订单页面可以直接听，找了半小时没找着，最后只能在短信里面跳转的浏览器用的2，好多经典的音频都有问题，让我换个模式，只有一个模式。3，内容**，被景点里扫码免费听的完爆。,差评
以为是十三陵全程的语音讲解，怎么知原来只有明13陵的单一景点，长陵，地陵之类根本没有，而且我们根本没去这里，没用的讲解浪费了10元，还和通票粘一起服了，不能理解,差评
景点交通非常不便利，公交车等1个小时都没有。千辛万苦到达长陵景点，门票40多，非常不值，一会儿就逛完了，只有个墓碑看，普通的宫殿。真心不推荐去啊。,差评
不是很好玩，陵很小，一下子就出来了，适逢天下雨，更让人心情很不好,差评
语音讲解不好用，我们去的是定陵，没啥东西，票价还那么贵,差评
感觉不值得这个价位，陵下也许龙椅是真的，帝后的棺椁是无法看到的.皇后的陪嫁箱子是防的，除了墙壁介绍，只能看到四四方方的木箱子，安葬之地让游客撒钱是哪门子的许愿？评价完后不会屏蔽我吧,差评
哎，坑。交通很不方便，地铁站出来要从小村步行，黑车遍地坑人，不坐黑车公交20---40分钟一班，大夏天带小孩根本等不了。,差评
明明**扫描下单成功，却被窗口售票员告知要办许多复杂的手续。因时间关系，只好放弃，去购买无优惠的票。,差评
对历史知识不感兴趣的，建议您别过来，否则游览后，您会后悔！没有什么值得看的景点,差评
门票价格相比景点而言，价格较高。景点主要就是一个地宫，没有值得留念或回忆的。,差评
地宫毛也没有，没什么好看的。不建议去玩,差评
感觉没有清东陵规划的好，交通很不方便，开设的陵墓很少，票价稍贵。,差评
套票骗人的！说包午餐，可是过了两点就没有了，卖票没有告知，而且去别的景点也非常远！,差评
太大了，景区管理很混乱，一天最多两个景点，千万别买四联票,差评
没有清东陵规划的好，交通很不方便，很多陵墓没有开放，票价稍贵。,差评
倒霉景点，买了2张，多买一张想退**活不给退。就1分钟的事情。服务态度差的要**。,差评
不要相信导航，导航地址是大宫门，不是长陵，害我们中途下车，后来又重新找车。,差评
别去，去了肯定会后悔…票价太贵了，也没有啥看的…,差评
好坑爹，就一座地下宫门票60，真是整个北京最不值得去的一个地方,差评
50块的门票，太不值了，没什么东西看，半小时就逛完了。,差评
节假日都不是很多人，没有什么可以参观的，交通特不便利,差评
十三陵什么东西都没有，就一地下墓穴，没拍照片就不上图了,差评
票面价才玖拾，你门收玖拾五，,差评
景区没啥好看的，坑。。。,差评
联票景点卖50，亏大了，要求退差价,差评
不值不值不值不值不值的游玩！,差评
辣鸡，只有神道的，其它的景点都没有,差评
一般，尤其是地宫，完全没有地宫意境,差评
纸质票显示90我花了95那5块请问到哪了,差评
不怎么地。明皇陵里面清朝东西太**奇怪了。,差评
感觉略坑，特别是昭陵…根本不值这个价,差评
不值得去很小不值得去很小,差评
非常糟糕的一次，交通非常不方便,差评
没啥东西，不值得看，门票还贵,差评
一点都不好玩。n不推荐去玩，可玩的点不多n,差评
没啥看的，不值，同样的价格不如去故宫！,差评
定价太高了！感觉不值得！,差评
景点太小！不是联票没什么好看的,差评
没有什么景点可以观看。,差评
实在没有什么可看的，门票太贵,差评
此景点很没意思，以后再不会去了,差评
售票員服務不好。。。。。,差评
相比北京其他景点，性价比太差,差评
也就值一块钱的**景点,差评
神道服务太差，是很不好的,差评
没什么好玩的！票价还**贵！超不值,差评
"什么都没有,去时快关了一个工作人员也没有,还让我们买票进去。",差评
太一般了，就几块砖头,差评
坐车两小时，进去10分钟，没看头,差评
没用也不给退。。。钱白花了,差评
感觉不到有什么、没什么东西可看的,差评
没什么好看的。。。里面好没意思,差评
我因为好好走去一看好乱哦,差评
实在不行啊，北京人不会搞旅游好资源浪费了。,差评
长陵真的没什么看的23333333333,差评
什么也没看见，就去了一趟地下室。,差评
装修中套票坑人啊！大真事,差评
原价70，不是75，原价还可以吃顿饭，只多4元。,差评
去的时候满怀希望看了以后满是失望,差评
不怎么样啊真的真的不怎么样,差评
为什么买了票进不了？,差评
内容太少，还没个公园好玩呢,差评
感觉一点都不怎么样，还这么贵，亏**了,差评
除了地下宫殿，没什么看的!,差评
长陵和定陵的都没有，白买了,差评
坑爹，坑爹，坑爹，坑爹。,差评
买了一天都没有出票，差评,差评
"一开始是奔着定陵去的,去了以后才发现陵园不大，而且地宫里什么都没有,不如清东陵,售票员的态度也极其恶劣,我们只在网上订了长陵和定陵的票,因为没打算看别的，但是换票的时侯售票员一再以一种埋怨我们没订连票的口吻告诫我们，不是连票不能参观其他景点，确定不要连票之类的话,很反感",差评
差评，非常不建议购买，很不好用，经常没反应，也讲不出来重点。差评差评差评,差评
必须差评，里面小，一下就逛完了，还有，地下宫殿没看头啊！你看不到金银珠宝古董玉器，看不到皇上皇后的尊容，基本啥都没有，几块石头，几个锁着的大红箱子，什么都没的看，墓室很小，为什么收这么贵的门票呢！实在不明白啊……这个就是忽悠，以为多神秘呢！强烈建议降低票价！凭什么和那么大的故宫一个价啊！就算免费我也不去……价格虚高！这不是针对同程，是针对景点！,差评
门票贵，没什么，太差了，破损的石碑不应该去修复，有修复的地方，感观10米外都非常的显眼，团去的个个吐槽！,差评
讲解员接待人员态度非常恶劣，差差评。,差评
怎么没有定陵、昭陵、长陵解说呢，只有神路的，有点骗人，不建议买！差评！,差评
十块钱就买个神路的导游，长陵和定陵没有，同程**牛逼，差评,差评
索道和缆车，是不是一回事？不是一回事，景区为什么不尽到提醒义务?买的是缆车，排队排成了索道。只好重新买索道票。同程联系景区多次，缆车票不退。帝都国企，大爷牌头。慕田峪长城，体验感差。,差评
出票慢！出票慢！！！,差评
态度不好，浪费时间，不建议大家去,差评
坑比，下午4点多到，摆渡车等一个多小时都排不上，还不让退款,差评
购票贼不靠谱，还是去**买票稳，整整被卡在景点门口半小时，大早晨来的为了快点上缆车结果被卡在门口，明明是两个人的票，**硬是出一张二维码进门都进不了，排队等**第二个二维码的时候又有两队7个人被卡在门口了，同样是一张二维码无效票...硬是搞得人一点玩的心情都木有了，好端端排队半小时，晓得十一半小时多少人嘛……,差评
进门遇到麻烦，说明写可用辅助码进景区，但景区非要换纸票，进门时扫不了，男验票员态度不好，害我跑下去换票，等了很久还是处理不了，给换票的女士很好领我们进去。这么著名的景区一个售票系统都搞不定，有损首都形象。给换票的女士值得赞，男验票员和一个售懒车票的女士态度不好需要改进，驴脸留着回家用，别给顾客看。,差评
收费项目不合理，以前可以开车到停车场，现在要每人15元坐摆渡车，停车场也开始收费，感觉太商业化了~,差评
风景好，但游玩时打导游两次电话都不接，时间安排混乱，接送车去走高速，回是普路，浪费时间，且不送到最后一站,差评
65岁以上的北京老人才是免票的，上面没注明，而且也没提示，我们外地65岁的老人不能在网上购买，搞得我们在各个关卡耽误了不少时间,差评
没有注明是否是滑道还是索道，这边有两家运营商，团队是走的箱式索道，我们买错票了！但已出票没辙了，只好单独走了，并且这家运营商最多只到6层，另一家同样票价可以到16层……,差评
长城票价两人七十多元，摆渡车和缆车却收了360元。排队等待缆车花五个多小时，节日接待能力非常差，不建议去,差评
票是不加门票的，两个缆车还不是一个公司的。不过，风景很美。歪果仁多。,差评
今天这票是白买了！不是公家指定的运营商，团队要求15:10山下集合，这边说15:10能排队坐上缆车都悬别说下山了…这队伍长得～～,差评
景色好、人又少。玩的很尽性。,差评
这次去还捉住一双雌雄大盗偷梨无语！,差评
去了没验证码，打了客服电话等了半个小时发送验证码，好不容易来了，还是四张的，差一张，只有自费买票进入！,差评
景区门票价格有点贵，不过总体玩的不错,差评
屁股没坐热就下了，人家华山缆车梵净山缆车那么长也才一百多。,差评
有事没去不给退票！！！,差评
一小段路而已，有必要那么贵吗？我是老百姓而已,差评
缆车只能乘一段，感觉太坑人了。,差评
未成行客服业务能力差,差评
这个确实太贵，简单的上去下来而已！,差评
发送短信不及时，在门口耽误了好久,差评
大气磅礴取票方便环境优美,差评
只能给予差评！！下了两个订单，到达景点都无法取票，几经联系，最后只取了一张票，另外一张申请了退款，退款还退不了，订单显示已过期，电话联系同程，同程短信告知已使用。搞不明白，票取都没取出来，怎么会使用了呢？差！差！差！,差评
真的很差劲，搞个标题糊弄人。到了长城山脚下，是需要坐大巴车到长城那边的，这趟车叫摆渡车。购买的往返直通车加摆渡车其实就是一趟往返的车，不包含这个山脚下的摆渡车，标题忽悠人。搞得我卡在检票口不前不后的,差评
差评，等了半小时钥码都不对！联系处理一直搞不对！还是景区领导看带了小孩不容易让我们先进了！,差评
外地65岁以上的长者需买半票，但订单没有说明清楚，而且我点进去还不让买，真是太差了,差评
什么都好，就是换票那服务态度极其恶劣，因为是网上团票，所以太不好，给差评,差评
太坑了，必须哪上哪下，由于走到另一段下去的，这个票不能用，也不能退，作废了。建议备注一下。坑坑坑！,差评
差评不针对产品本身，针对同程的客服。竟然擅自给我把票退了，害得我到了检票口重新买票！真是**啊！！！,差评
这地方都是土，都喘不上气儿来，太脏了，尘土漫天飞，包括停车厂也都是土,差评
性价比极低。本意陪父母出游看花略表孝心。园区蛮大，但是林区道路不宽，其间被不断穿行的自行车和电瓶车搞得人心惶惶，尤其是老人和孩子的安全让人揪心。景区的花丛间不断被游客照相无情踩踏，看了真是不忍。室内荷兰展也是如此。其间只见到少数几个工作人员，只有一位小伙子在劝说游客脚下留情，效果甚微。景区门外10元-50元（门票80元）叫卖门票的“黄牛”几步就一个。休息间母亲无意间和邻座老太太聊天，他们无门票也能进园区。真是震撼！看着美丽的花展，看着国民的素质和园区的管理真是无语！,差评
"菊花展？哎！不想评价了，就当开车到顺义逛了一次植物园吧,实在对不起这门票。",差评
门票太贵了，电瓶车的价钱更贵黑太黑了下回不可能再去了。,差评
就这环境设施，门票80，60，说实话8块钱都不值！,差评
千万别说菊花展了，就当开车到顺义逛了一次植物园，对不起这门票。,差评
谁去谁后悔，差的不是一星半点啊，,差评
不好，就是个公园，啥也没有，感觉要黄了似的，也没啥人，价格不值,差评
扫码入园，但一个二维码就是搞不出来，找客服才解决一个订单的,差评
花期没到，郁金香都没开，60的门票不值，感觉受骗上当了。,差评
蝴蝶园是最主要的，可是，啥温度，蝴蝶都**了，看见的都是这个。,差评
简直太**了，想骂都感觉给他脸了，写着全价票，萌宠乐园根本不让进，不包含可以写明不包含，不写清楚不说，客服不解释态度强硬，所谓的国企也是坑人的,差评
不值！！！！！！,差评
晚上去的，进入什么都没有，就树上挂点彩灯，也没有灯光秀，园内一片漆黑，容易迷路，压根就没什么人,差评
玩的还可以，取票快捷，两个八十老人应该免费了,差评
停车场脏乱不平，泥石场面。港内没多少花。,差评
不支持退票，不要再这买,差评
这时候来这有点坑人，郁金香大部分还没开。,差评
什么破地，又远毛都没有。太坑,差评
花太少了门票价格一点也不值,差评
现在去什么都没有，不值！,差评
不值。花都是自己种在地上的，品种也少。,差评
就有一小部分花开了。,差评
不值得，真的太差了，就那样,差评
北京市最**最恶心的景区之一，没有其他，地点偏僻，工作人员服务态度差，门票价格偏贵，有一种你大老远来了，就黑你，爱来不来。再也不来了，恶心，停车场晴天全是土，下雨都是泥，有关部门治理一下吧,差评
特别不靠谱，发的二维码根本进不了园。好好的心情被搞的很糟糕，体验太差了，同程，永远拜拜吧,差评
太差了人都没几个哪儿有花儿简直就是折腾人破地方,差评
选择同程就是个错误周末门票加索道的套票卖158比景区现场买卖的的还贵景区只要128景区便宜自然就从景区门口买了可是贵也就贵了售票员说店子票都是可以退的结果316块的票还扣了63.2的手续费我想说你们网站做的就是优惠可是你们比景区卖的还贵退票还要手续费这样的网站怎么让人相信,差评
选择同程就是个错误周末门票加索道的套票卖158比景区现场买卖的的还贵景区只要128景区便宜自然就从景区门口买了可是贵也就贵了售票员说店子票都是可以退的结果316块的票还扣了63.2的手续费我想说你们网站做的就是优惠可是你们比景区卖的还贵退票还要手续费这样的网站怎么让人相信,差评
端午节放假去的，人实在是太多了，换票很方便，出票也很快，但是买的龙王山索道，到那只看到石林峡索道，亏的看点评说要爬218节台阶，才能找对，要不就走差了。索道排队了3个多小时才坐上，人多管理也差，插队的太多了，要是假期人多真不适合坐索道，估计自己爬一个小时也能上去，电子票还不能退，索道距离很近，100元确实很贵，山上风景不错，参观玻璃栈道还要买票40元，栈道上也是人满为患很担心是否安全，下山更是人挨人，走走停停，有人上山有人下山，都挤一个不宽的台阶，很混乱，觉得景区应该人多的时候做好游客分流工作，一天游玩下来就是感觉人多混乱，管理不到位，路边**很多，以后不会再来了,差评
端午节放假去的，索道排了3个多小时才坐上，电子票还不能退，管理混乱，插队的人很多，距离短，价格贵，门票还不包含索道和玻璃栈道的钱，感觉很坑，下山更乱，1米多的台阶上有下山的，有上山的，插在一起都走不动，门票78，索道上行100，下行还是100，玻璃栈道40，一个人花了好几百，除了排队就是看人，真是没心情看风景了，感觉是花钱买罪受，再也不会假期出来玩了,差评
人太多了这地方。路太窄。影响体验耽误时间索道收费还贵到了上面玻璃栈道还要收费。,差评
景点太乱了，不值这个价钱，缆车周末翻倍，这可是中国历史的里程碑呀！大家注意了，你们所买的票是爬山票，想要上玻璃台还要再花20呢！可以堪称经典吧！,差评
没什么景色，太贵了，同程买大门票68元，上山索道100元，下山索道100元。宰客。山不高台阶很陡。不过有导游在门口卖索道票80一张单程，给后面的朋友提个醒。,差评
网上订票不错，电子取票方便，但感觉这个价钱有点贵不值，到观景台还要收20元，真心不建议大家去，景区里有没有什么风景，太老的景区了,差评
真心不建议去，门票太贵，也没有什么风景，观景台收费太高，建议去白石山风景区,差评
周末时索道价格高了一倍，爬上去人太多并且路很窄，做了俩索道100一次，山下玩得项目都是给小孩准备的，大人不适合！整体评价很一般！,差评
没有距离山顶距离标牌，也没有具体路线，上下都很迷茫，如果去建议买上山索道，门票，观台门票，下山有老人孩子也买索道，体质好可以走下来,差评
索道节假日价格翻倍，太不合理了，到了观景台上照相还有工作人员催促，而且说话态度还很不好,差评
买的立刻可以取的票，到了景区告知要等2小时，打了客服电话都不知道什么情况，折腾半天处理好，体验太差。,差评
写着有索道4选1到了之后却没有索道票只有门票和玻璃景观不知道怎么回事,差评
这个是骗人的，出的票根本就不包括索道，跟平台反应也没用纯粹的标题党，挂羊头卖狗肉！,差评
下山索道比上山短一半价格一样而且还是强制坐不坐不让下来,差评
网上订票，取票也方便，景点好值得一游,差评
人多，堵车，里面有啥值得让景点门票那么贵的,差评
很尴尬，京东石林峡成人票（ufo玻璃观景台），括号里啥意思？是包括还是不包括？又重新买了张票，被骗的感觉，很不爽.不要写的这么模凌两可好嘛？,差评
不咋地，太黑暗，小孩儿不到一米二坐缆车还要钱，去观景台是孩子就要钱不管多大,差评
不咋地，太黑暗，小孩儿不到一米二坐缆车还要钱，去观景台是孩子就要钱不管多大,差评
70元门票就爬山吗？到上面还要20元,差评
骗人的玩意看着包完几个项目，到哪不是那么回事，还**什么有分号隔开的,差评
股票非常石顺利景点太坑爹,差评
从来没有见过这么枯的山，上了山没有树，晒了一天,差评
不好，累的要**，索道还不给送到地方,差评
取票方便！第二次来了，非常满意,差评
设计不合理，********,差评
不含玻璃观景台，还要单独买票！,差评
玻璃栈道不让上爬了半天爬上去不让上,差评
设计不合理，********,差评
需要流量才能用，在山里有的地方还没有信号,差评
不好，一点人情都没有,差评
门票太坑了，说含观景台，上去了又说不行，景区的工作人员还把索道的票出错了，当时说两个索道票不能混着用，下来找他们又说可以了，而已上下山都是同一条路，很挤，缆车数量太少，至少得排2小时队才能上，路上也没有标示牌，很不愉悦的一次旅行，,差评
同程购票很方便！很不错~但是这景点游玩感受太差了！遇到山体滑坡！结果中途给我们轰下山！问工作人员有没有别的路能上，跟我们说没有路只能坐缆车！要不就上不去！还好机智，呵呵，蒙着走了另一条道，结果能上去。**！骗消费！,差评
门票太坑了，说含观景台，上去了又说不行，景区的工作人员还把索道的票出错了，当时说两个索道票不能混着用，下来找他们又说可以了，而已上下山都是同一条路，很挤，缆车数量太少，至少得排2小时队才能上，路上也没有标示牌，很不愉悦的一次旅行，，,差评
同程购票很方便！很不错~但是这景点游玩感受太差了！遇到山体滑坡！结果中途给我们轰下山！问工作人员有没有别的路能上，跟我们说没有路只能坐缆车！要不就上不去！还好机智，呵呵，蒙着走了另一条道，结果能上去。**！骗消费！,差评
消费太高了，索道要单程100元，本来石林峡的经典是峡谷，现在修了ufo，峡谷风光脏乱差，本末倒置。以前隔几年就要去一次，现在一次管够了，再也不去了。,差评
景点路上爆堵，十点从北四环出门，到了下午两点半了还离景点还有好几公里。路上全红。当地的老乡说，今天上不去了。很遗憾。,差评
景点通找不到，客服也不太行,差评
因为有事发起了退款他硬是给我拖到过了游玩的时间告诉我因为我已使用无法退款钱是不多但是这是原则上的问题真的是无语了,差评
1:东门门票要八点半才开始兑换，来早的话还要在公园门口吹冷风。2:门票是现场打印的，不是对面售票处卖的印刷门票，没有收藏价值，而且不打折。3:最主要是今年香山红叶不红，远比不上之前去的八达岭红叶岭的红叶，转了一圈就看见几颗叶子红了的。,差评
人生中最痛苦的一次出游，去香山公园的人多到可怕！早上九点多从北宫门做车去的，距离好远就开不进去了，把乘客都放在半路让自己走过去，下午快三点才好不容易到了公园大门，连哭的力气都没有了啊！公园里面人挨人都没法照相，随便转了一下连山都没上就急忙往回赶了，白买了套票最后碧云寺都没来及去，四点半过点就出来了，结果回来时周边的交通也差到了极点，坐公交要排队两三个小时，七点多天都黑了才挤上公交车，如果坐黑车从香山拉出去到北宫门地铁站要一百块钱一位。总之，对香山之行的美好憧憬彻底被撕得粉碎！,差评
一定要看好门票包含信息！此门票只！！包含一个门票和一个所谓的电子导游讲解，山上没有信号也真的是用不到，门票只要十块钱，所谓的电子导游网站上报价6元，而这个套票里的相当于收取了25-10，也就是15元的电子导游费用！！！建议买票还是去官方公众号！！！再也不会来同程消费！,差评
为啥不退款？请尽快说明原因？,差评
没有使用为什么不给退款,差评
在高德地图买的同程旅游景点门票，买完付款成功但显示出票失败，要下载app才能申请退费，买的时候都没下载，退钱时候让下载，对这种情况极为反感，打客服打n遍都不通，不知道客服干嘛吃的，网上咨询半天也回答不到点上，感觉这辈子不会再用同程了，再见！,差评
来北京后悔**了。就是冲着看红叶来的，结果红叶就那么稀疏的几颗，几颗都是多的了。其他全是枯树跟石头。来北京的感觉遭透了，先说说住宿吧158是全网最便宜的而且住的环境连上海80一天都不如，很不干净的那种。住了几天换了几个地都是这样差不多的环境。上海一百多的房间在北京都四五百。吃饭也比上海贵几倍。,差评
我去香山公园打开同程都没进门，下午1点手机显示我8点多己消费，我人都没来怎么消费入园的，又重新在景区门口买票2张才30元，同程要56元。再不会上同程了,差评
红叶没红，坐公交排队去和回都要两个小时加上在路上来回四个小时一天十二小时都在站着，实际只在香山游两个小时。,差评
很不爽，第一次在同程订票，到香山之后只能在东门取票，而我去的北门，所以我又重新买的票，联票也是15元，没有任何优惠。。建议大家到现场在买票更方便，窗口挺多的买票也很快,差评
10月24号周六去的，那人啊！简直是春运模式，没看什么红叶，也没爬什么山，光是排队坐车就浪费掉了，严重影响心情，买的票只几时分钟的作用。幸亏有女友陪伴，才使旅途不至于无聊，,差评
去一趟被出租车宰客，堵车只有半路下车，走了一个小时，到了都没有玩的欲望了,差评
一点红叶没看到，景区内连个详细的导游图都没有，要花10快钱去服务中心买，爬了一路山沿途一个厕所都没有，缆车要单程100一位，太贵了，而且小孩也要钱，以后再也不会来了。,差评
人太多了，叶子全是绿的，我这是第二次来玩，第一次没看到红叶，第二次仍然没看到，太令人大！,差评
卖的比景点贵就算了，有个电子导览图，刷身份证进不去还不给退款，失望了，越来越不喜欢用同程了,差评
路上特堵车到取票处下午三点工作人员告诉电子取票处下班要在窗口买票，什么啊？电子票也不能退坑爹啊！,差评
宣传的什么香山红叶节，吹呢！根本没有鼓吹的香山红叶景象，而且缆车单程100，黑。ps同程取票很方便,差评
景点的人员服务态度差/我们外地游客不知道什么北门东门的。去北门那工作人员说电脑坏了不受理/我们只好重新买票进去了。,差评
人太多了，没有明细的路标，容易走错方向。志愿者太少了。缺少一个大型的停车场。,差评
我来这都说售票处还有，就告诉我不能用团购拉，而且还不能退,差评
这里比景区那边多卖两块钱，虽然也不差那两块钱，但有一种被欺骗的感觉,差评
什么啊什么都没有就是爬山下山一个好的风景都没有,差评
景区不承认同程订的票，什么玩意，破鸡巴景区，以后喊爷爷也不来了,差评
几乎没用处，定位不准确，上山了，说出了景区，浪费钱和流量,差评
香山厕所太脏，还看到有旅游景点卖饮料纪念品的在山上抽烟,差评
人山人海，交通拥堵，景点无亮点，简直就是找罪受，希望大家少上当。,差评
别买了正门不让进，说东门，再问东门机器都撤了，根本进不了，好在没再走东门去，坑人,差评
红叶！我笑了我笑了我笑了。。。。。。。,差评
不建议网上订票！门口扫码才10元，感觉被宰了，心情不美丽,差评
在那边直接购买才5元，这边一下子要16,差评
景区周边车位较少，不建议自驾前往哦,差评
整体游玩体验一般般，玩的还行,差评
到了景点告知门票无法正常使用！无奈？？,差评
比景点窗口票贵，没意思,差评
门票比大门口贵电子介绍用不了,差评
人太多了，为什么不能退票,差评
取票不方便，也不比景点便宜，还不能退换。n,差评
下雨4点，到香山公园领票，被告知，工作人员以下班，不能领票。浪费30元。我很不开心。,差评
东门，只能东门！我走了半个小时到北门了，告诉我不能进！现场买票一样一样的……靠,差评
去现场买就可以，不开的景点不用买了。,差评
网上订票，都收不到第二条短信，兑票地址也不清楚，结果都要重新掏钱买票，山上的红叶都没有红的,差评
爱退不退吧，订错票了！被这个软件误导了！本来订票时页面是卧佛寺，结果订完票后，发现是香山公园,差评
名气够大，去了后悔。千万不能赶在红叶节期间去，进进不去，出出不来。,差评
导游把我们给弄丢了，还强词夺理！说查过人头了，丢了几人，居然不知道！我没有资格当导游啊,差评
查看交通信息老是提示有误,差评
电子导览不识别位置不自动播放**,差评
比香山售票处要贵，不合适,差评
导览基本没用，介绍线路不明,差评
完全不定位讲解，都没用上！**,差评
景区门票价格有点贵，不过总体玩的不错,差评
这是我很差的一次体验！,差评
电子介绍用不了价格贵,差评
说反现还不反现总说下次反20天还没反。上当的感觉,差评
红叶节没有红叶，只有拥挤不堪的人和带着雾霾的寒冷的天气。,差评
红叶根本没红，红叶节太早了吧，要11月中下旬才能红,差评
大家都别去，现在没到季节，一个红叶都没有，还红叶节,差评
碧云寺在维修，不能进，干嘛要放套票？啥红叶，季节不到，没有看到,差评
10月27去的香山，红叶还没路边的红叶红的多,差评
10月27去的香山，红叶还没路边的红叶红的多,差评
电子导览就不能用，建议还是在官方网站买票。,差评
骗人的，香山公园不承认，又买了票,差评
没取到票还不能退，白花钱了，唉！,差评
**，根本没有红叶，爬的还累,差评
定位定不上，一点用都没有,差评
去看红叶的！都没看到！累累累,差评
什么手机电子导览骗人的,差评
不好玩。没有看到红叶，只有川流不息的人群！,差评
没去，说能退，最后申请都是失败的,差评
去到购唔到票，可以退款吗？,差评
没去成票不能退也不能改时间浪费了,差评
门口直接买10快。。。。。。,差评
表示再也不会用这个app,差评
还没去就过期了很麻烦,差评
太坑爹了，没有红叶，爬了半天都是**……,差评
我去票买多了不能退…………,差评
现场10元，官网23，有病,差评
不能退，我都没有进入园区怎么就使用了,差评
忽悠人，真的有点骗人！,差评
不咋地雾霾天红叶还没红就很多人,差评
价格不规范，跟黑户一样，加另一个人**，发二维码过来，还截图看不见价格，到现场了谁不知道全票15，你们卖28，那个什么语音其他人卖3块，太坑了，一点不规范,差评
可以说非常差的体验，由于当天要赶回无锡所以去香山公园时带着行李，游客中心的服务太差了，太没人情味，给你的只有淡漠，无论我怎么商量，给的回复永远是不可以，恳求她们并保证丢了算我自己的，还是冷漠的回答不可以！我当时真的非常绝望，所以买的门票也算是浪费了，因为拖着行李根本无法游玩，只能灰溜溜的把火车票改签，提前回去了！真的很失望，希望能有提高！,差评
差评，真心的恶心，大家不要在这团，不支持退款，团购还是**！取票太**费劲！也不便宜，！,差评
这是什么东西啊！两个人加一个车230元！我不知道什么是野生动物园！只有马能靠近车！一共能看到10多种动物！还没北京动物园好玩！,差评
太差劲了，二次消费严重，动物极少,差评
去的路上台阶那就看到拉客吵架的两位，台阶这边**很多，到售票处工作人员服务又很差！到等车的地方，才被告知不扫码，需要换纸质票！来回2里多地，动物也少，坐笼子车30一个人，一起15个，就两个小孩不买票！来回也就半个小时！大人一人115，孩子一人75！真心不值！北京的门户，很失望的一次游玩！,差评
从网上买了票，朋友找不到从哪里买的了！问售票处，工作人员服务态度巨差，说你们爱从哪里找从哪里找！门口也没有工作人员告知一下，必须从门口换票，大家进去等着上车呀！被告知还要换票！笼子车一人30，大概往返半个小时！小动物区不停！一起去大小十多口人，觉得不值！想的爬了长城，就顺路带孩子们看看，结果很失望！,差评
景区工作人员态度差，没几个动物，三个老虎圈在笼子里，两个师子圈在笼子里，一只大象在笼子里且味道刺鼻子，山顶放着大喇叭时不时播放老虎的叫声来欺骗游客，总之太没意思，都不如在酒店睡觉,差评
荒郊野岭的，连个动物都见不到，交通不方便，从长城来这都回不去，80元，老板你骗**子呢？而且里面还有别的收费项目，摸摸小白兔都要十五元，你怎么不去抢，破车扔半道上不管了，走回来差点误了火车，动物几只鸡就糊弄了，鸡还用萌萌的生无所恋的眼神看人，简直寒颤，破白菜当饲料，小羊羔这么可怜，你不怕喂病了！我们来就是为了看动物自由自在的开心样的，你们把动物关在电网里，能看见啥，看动物都要找！！,差评
就这还要八十多一张票，还没杭州十块钱的动物园好玩，里面的动物都热成啥样了看着都可怜，骆驼的驼峰都软塌了,差评
我已经去了三次了，一次不如一次啊，尤其是18号的这次，我还是带着朋友一家人来到八达岭野生动物园，在路上我还在吹嘘这怎么怎么好玩，可是一进大门就不像以前那样了，检票员的态度爱答不理的。上了笼子车（另收费10员/人），以前也是可以选择的，上了车后不买上面推荐的活鸡，车开的特别快，讲解员也在敷衍了事。动物没怎么看就到了中心广场乐，下车吧，动物表演也没有了，开始步行以前路边店温顺动物全部圈起来了，一路上只是在笼子里看看，一点也没有以前玩的时候的心情了，要是这样我们还不如到北京动物园玩呢，何必跑到这么远的地方呢，油钱和高速费还得花着，浪费。很失望啊,差评
票倒是很好取，去了就可以去，不过服务员爱答不理的，也难怪，因为此景区本来去的人就不多。里面有：狮子、华南虎、孟加拉虎、东北虎（不让看，说是什么维修，估计就是不想让看）、马来熊、野猪、狼。还有一些诸如：孔雀、野鸡一类的动物。狮子都很脏，躺在地上不愿意动，嘴边黑了吧唧的，可能是吃东西弄的，总之没有电视上看到的那么威风。老虎也很脏，离老远看到的。游览车是个老式大公交车，很破，还不让开窗，看的不清楚也不舒服。还有，坐车看完猛兽区后，把我们仍在一地方，说是其余的景点要走路看，3.5公里，实际不止。如果走累了，有个地方提供电动游览车，15/位，其实是变相收钱，我没坐。在我国，这种敞开式游览方式做的不成熟，有点应付事儿的感觉，总之，不尽如人意，真想看动物不如去动物园看。,差评
好多动物关起来看不见，什么表演呀游览车呀笼车呀都没开，带孩子本来期待动物表演，等半天也没人，出门询问，人家说人少不开，那你们会不会因为人少给我们便宜呢？真是个好理由！！！就进门和卖票那有人，里面工作人员没有，想询问点什么都不知问谁？嗨！这价格上当受骗的感觉！！！,差评
太坑人了，进来一圈只看见在笼子里的两只老虎和两只师子，再就是一些鸟和几匹马，别说90元的门票了，十块钱门票都多了，都不如三线城市的动物园，或许也算不上动物园，和大连，成都，杭州，重庆的动物园没法比，和上海深圳广州这些大城市根本不是一个层次，去北京出差也好，路过也好，千万別旅游，我去了天安门，故宫，冷冷清清没几个人，太没意思了，八达岭这个所谓的动物园更是一个大坑，里面工作人员都是帮着门口租车人拉客的，租车讲价的时候，租车的人说还得给帮他拉客的工作人员20元钱，所以不能便宜，看看苏州上海嘉兴杭州无锡绍兴等南方大小城市的游客爆满生机盎然，再看看如今北京的冷冷清清！为什么南方人几乎不来北京，而北方人都喜欢南方，只有北京人哪都不去，天天在旮旯胡同里谈论着这个皇帝那个王爷天子脚下，天子头顶什么的，听着都搞笑，其实北京人应该走出去看看，长长见识，缩小一下和江浙沪的差距,差评
太不值了，真不如花10元去动物园看看呢,差评
还以为到了野生动物世界呢，进去一看**眼了，层层牢笼看守，动物得不到充分活动和发展，游客看了也很无趣。这样“圈养”的方式，哪个城市都有。最让人不解的是游客不想看了，想乘坐他们的游览汽车返回，他们哪怕是空的，也不让游客乘坐。既是你在山坡上做了电瓶的观光车，也不能给送到景区门口，感觉不爽。下次坚决不让家人来这了。,差评
真的没啥子看头票也比其他景点贵多了,差评
非常远，在八达岭长城脚下环境差，四处都暴土扬尘的，绿化是谈不上了，硬件设施比如道路等都不好中线上的很多动物都没有，有一处玉兔园，就几只兔子，还要再收10元每人，包括小孩子，自己带进去的胡萝卜不允许喂，必须在他那买胡萝卜。没有什么服务意识，感觉就是收钱第一。,差评
里面基本没有工作人员，有态度都特别差，大部分动物都没有。都是空笼子。感觉快要倒闭了一样，没有必要去。,差评
地方确实很大，但是活物真的是没有多少！很多地方都空着，看不见什么动物，也没什么动物表演什么的，很冷清，很不给力！,差评
景区周边车位充足，自驾前往特别方便，车位不少，不过园内太让人失望，花了野生动物园的钱，逛的比北京动物园差的多的圈养动物，全程没啥动物，都圈着，很失败的旅程。,差评
一个字〞乱〞，路标不明，私家车乱窜，特别是那些京字头的奥宝车类，横冲直撞，一点儿没有尊重外地车意思，丢首都的人！那首都是大家的，不是你家的。你怎不开你那二手货去五角大楼冲冲。也真是，景区那么大，里面竟没警车......,差评
门票有点贵，墨迹半天才进的去，进去之后除了放屁不收费各种收费！项目少，地方小，午餐自带为好，要不一顿饭能吃出路边摊的感觉大酒店的费用不是万元户勿进坑,差评
"绝大多数的动物是圈养的,而非放养,动物数量少,而且圈养,同普通动物园比没有优势,地理位置远,而收费昂贵,很不值得一去.",差评
以前没来过还觉得挺有名的景点，有所期待，但是真的很失望，景区内基本没有环境设计，完全是野山坡，动物种类很少，鹦鹉只有两只，景区的孔雀毛都被拔光了，商店里售卖孔雀的羽毛，感觉很残忍，,差评
同程平台购票很方便，但动物园很失望，动物都是关笼子里的，园内任何游乐项目都要另外收费,差评
这哪是什么野生动物园啊，本想首都的一定不错，比北京动物园差的太多了。最恼火的是，停车场被一帮人把车电放了，被迫付了80元钱给弄好。真是气的很！,差评
哇，累觉不爱，我的天呐，提前老久就到了门口，结果售票员连不上网，而且还理直气壮，压根就不打算解决，硬生生地把入园时间推迟好久，服务态度差的简直不能忍，原本网上买票就为了方便但是遇上这样奇葩的工作人员也是醉了。只要一问什么时候能够联网，就跟差了他十万八万似的，简直了！！！！,差评
网上订酒店很顺畅，入住时合作方不认‘同程’。预订次日景点门票10个小时未回复，到景点处拨打客服电话无人接听。这就是我第一次使用‘同程’的遭遇，我还会使用‘同程’吗？,差评
环境差，没什么意思，动物很可怜，抱小熊小虎照相笼子小脏，动物很可怜，动物表演也一般，都是小狮子虎，温顺动物区几乎没什么动物，这样的动物园早点关闭，比天津石家庄动物园差远了。,差评
动物很少，猛兽区只看到：白虎1只，野猪一只（睡眠状态），狼0只，虎数只，狮较多只；温顺动物因缺乏珍禽异兽，且为圈养，样貌均不敌北京动物园，且需爬山路，走很远，且所经之地毫无景致可言，已完全不能体会到游玩的乐趣，故放弃。,差评
坑人，大巴车送去不管往回接，需要自己走三公里回来，要不就要坐电瓶车花钱回来，太坑人了,差评
整体游玩体验太一般，全是圈养的动物，而且很少，比北京动物园差太多，门票是北京动物园六倍，太坑爹了，不推荐大家去。,差评
猛兽区猛兽区工作猛兽区工作人员猛兽区工作人员态度猛兽区工作人员态度真是猛兽区工作人员态度**不行,差评
取票的时候，要验证码，居然没有给我发，下午2点半的时候到的景区，打了n个客服电话，直到3点半才把验证码发过来，真是很糟糕的一次体验,差评
景区里服务设施不够完善，少有休息的干净地方。景区里私家车太多与游人抢道，路窄车多，游兴大受影响。公园不应一味赚钱，应限制进园车数。,差评
四只老虎，四只狮子，关在一个跑不起来的空间里,差评
这哪是看动物园啊哪有动物啊简直就是骗钱吗拿狗当狼大老远带孩子去看啥动物也没有严重骗人钱**骗钱的动物园大家千万别去,差评
这次去不怎么样，管理人员把动物都圈起来了，想问一下这是野生动物园吗？！路上的野猴子也没有，花生白带啦！开了300公里来的这，失望啊！,差评
动物少，而且动物一点都不灵活，根本不象野生的，只是大一点的地圈养而已。门票根本不值那么多钱,差评
去了以后才知道北京居然还有满满80年代感的地方，唤起了儿时回忆，设备和环境都太陈旧了,差评
**动物园里面根本就没动物了全都瘦的没法看了后山里的猴子都的皮肤病了大家还是别去了太坑人了,差评
骗钱的动物园你要不装修装修几十年了动物越来越少带孩子的千万别去里面啥动物都没有,差评
一点都不好玩，还很坑，15元一位笼车只能坐到中途，回来还要再花15元坐电动车，关键都没什么动物看,差评
比较坑人，光看树木，没啥动物，而且免费游览车进去要交钱坐电瓶车出来,差评
换票很快，里面的设施老化，动物也不是很多，感觉没啥意思，没有北京野生动物园好。,差评
比较坑人，光看树木，没啥动物，而且免费游览车进去要交钱坐电瓶车出来,差评
超级烂，都不想评价啦。就是骗钱的。亲们如果钱多就去吧，进去就烧钱,差评
骗人的，里面啥也没有，就等于开车溜达了一圈。就是骗人的,差评
八达岭动物园快倒闭了，动物越来越少，管理很差，门票价倒是一流。,差评
啥也没有，光树，动物啥都看不见,差评
千万别来，啥也没有全是树,差评
算是很差的野生动物园了,差评
景区内工作人员服务一般般，很平常的游玩体验,差评
景区内工作人员服务一般般，很平常的游玩体验,差评
景区内工作人员服务一般般，很平常的游玩体验,差评
景区内工作人员服务一般般，很平常的游玩体验,差评
骗人的景区，10块钱门票的动物园也比这个动物园动物多,差评
没意思，动物都关在笼子里，是个项目都要收费。,差评
这么多年了，唯一的变化就是动物少了！！！车太多，管理人员一直催着赶紧走不让停！那我自驾进来干嘛来了？,差评
入园的车太多了，想看动物视线很不好，而且绿化也很少，全是土，园区说买票有小礼品，到里面又说没有了，不厚道,差评
没动物就别说是动物园，太坑,差评
八达岭野生动物园适合小朋友去，开车进去比较方便的，同程定票方便,差评
我认为不值得一去！性价比太差！,差评
扫码换纸质发票不提前通知，而且车贼多还堵,差评
真的是很失望，动物少不说，服务也不好,差评
史上最坑动物园，还没三线城市的县区动物园好！,差评
车道拥堵，游园人太多。不如大兴的野生动物园。,差评
这个景区，太恶心了，景区就四五个动物。,差评
景区门票价格有点贵，不过总体玩的不错,差评
旺季入园可能需要暂短的排队等候,差评
景区门票价格有点贵，不过总体玩的不错,差评
景区门票价格有点贵，不过总体玩的不错,差评
在同程订的票，在门口耽误了一个多少小时，到最后也没给验证码，买的原价票。好心情一点都没有了！,差评
恶心的景区，实在有损野生动物园名称,差评
动物越来越少，老虎、猴子、鹿儿、马儿都被圈进了笼子里，很是杯具啊。,差评
取票的验证码发错，少一位，很耽误事的！！！！,差评
真的没有意思，动物都休息了，人多，设备陈旧，差劲啊,差评
也许是冬天的原因吧。人好少。动物好少。根本没见着几种。很上当很上当,差评
实在是性价比太低了，还不如去西直门动物园花20元,差评
人比动物多！脏乱差！！！,差评
啥都没有了太没有意思了啊,差评
不刺激，和自己想的不一样,差评
猛兽区不过瘾，老虎就那么几只，还很累,差评
bad，worse，worst,差评
出了意外，心情很是不好,差评
不好看，大狼狗都弄进去了。,差评
没什么动物，去了就后悔，还不如秦皇岛野生动物园。,差评
也就猴子和孔雀多点，老虎和狮子都不知道在哪里,差评
千万不要去，转了一圈毛都没看见…………,差评
回程没车，走累pp了,差评
不是很理想的旅行，和期望有差距,差评
除了差，没有别的可说的,差评
园区确实很大，但动物很少，开车进去动物都关在里面也看不见啥，园区的路都是破破烂烂的，感觉不值,差评
野生动物园绝对差评在差评，网上买了票到动物园换票，自驾票60元，又让买了两张保险票20元，开车到了里面好像是个游乐场吧，里面现在不让进在哪里换大巴车，进野生动物园，花了80元还是看车进园还让买保险，太坑人，还不如保定15元的动物园呢，北京动物园没几个动物几只鸵鸟和小羊羔，太坑人可别去，,差评
景区配套严重跟不上，整个景区感觉破破烂烂的，动物感觉十分的不精神，景区服务也跟不上，基本就没有景区服务。凶猛区还可以看看，山里有些路段的景色也挺好的，问题是我不是去看爬山或看风景的。,差评
动物太少了，猛兽区也都近距离看不到，其他动物啥也没有，门票那么贵还都单独收费，拉的很，差评差评差评,差评
对这次很不满意，由于订单号不准确，不能取到景点门票，耽误了很长时间。蓬莱酒店服务太差了。,差评
这辈子再也不去了，猛兽区的司机脾气大不太好，走的路程有3公里，也不知道这次去到底是看动物还是马拉松。太差劲了～此生一大遗憾啊！,差评
很一般，小孩去还可以，浏览车太差了，根本就不是一圈，回来坐电车也不是送到门口，不过工作人员的态度还是很好的，就是什么都是钱钱钱！！！,差评
太差了，买了票居然不能兑换，景区直接说兑换码不对，打了客服电话也没告知所以然，耽误时间心情，下次不用同程订票了。,差评
差评，啥也没有，什么都看不见,差评
太差了，没有什么动物，都关在笼子了里，就是骗人的根本没什么猛兽,差评
这次去动物很少，看见的却都在休息，大部分都在笼子里，带好的花生想喂野猴子，猴子都被关起来了！没看见！失望啊，下次再也不去了！,差评
动物缩水太严重了原来成群的现在就一两只太失望了还堵车原来的动物都去哪了想问问他们是怎么养的唉再也不去了,差评
太**啦。一点都不好玩。就是骗钱的，以后再也不来了。,差评
太坑了。差差差，比想象中差多了,差评
感觉一般般，这个就是在这个同程买的门票，我感觉基本上没有什么优惠呀，然后也没有什么特别好的这个套餐组合同时给我的感觉就是除了快，其他没什么优点或者性价比,差评
最**的寺庙去的外面逛一圈就行了里面没啥好玩的又小又坑钱花20门票寒山寺象征的主楼楼上都上不去,差评
剪票员跟欠她钱一样的态度买门票地方没有看清楚以为6周岁小孩陪客免票那就好好的告诉我我看错了只是6周岁小孩免票好好说话不会说一上来就说看我想白嫖20块钱门票态度还凶的要命我想白嫖你？瞬间不爽了？老娘差你20块？200块看错该补谁会不补就算我没买看错了不行嘛？就不会好好说话！！！,差评
素面馆二楼没有人不给坐，保洁大妈说三个人不给做她要打扫卫生，我们说下面没有位置了她就是赶我们下去。很无语，本来就没什么玩的想吃个面还不给吃。,差评
怎么说呢，寒山寺没什么看的，是个公园，一个巴掌大的寒山寺，有价值观赏的东西太少了，感觉有点不值，外地过来，还是别来这了，巨亏，给大家避避坑,差评
南禅寺门票太坑人，我买了三张票，没进去然后退了，每张票20，我三张六十，手机付款，显示付61块9，现在退给我的钱只有27块钱，我搞不懂，三张票买了，退一下，就扣了这么多，希望给我一个合理的解释,差评
为什么卖我22卖我这么贵,差评
太多人没限制体验极差全是人站着拍照，拜佛都拍限制人数吧自己多大不知道，进去就出来了一家人,差评
那个门口收票的大妈真的没素质，门口有一排铁栏杆，那边有路，就直接出去了，我们走了，都没碰到你栏杆。还非让我给你把栏杆摆好！**的，又不是我弄的，你们自己的事情凭什么让我给你摆啊，然后还在那边嘴巴很脏的嘟嘟囔囔的，有病是不是，佛祖面前就培养你这种辣鸡？,差评
同程平台特别**，开完黑鲸卡之后，被系统限制，服务态度差了一大截，非常差劲,差评
看人头，没什么看的，也不烧香什么的，看了几条鱼,差评
想烧香拜佛可以去，没有景点,差评
钟楼门口管理人员态度太差，大煞风景！,差评
真**，一点都不好玩,差评
丢没有抄经体验，还得另外买香,差评
太多了人人太多了，没有，什么旅游体验。,差评
不行不行不行不值得不值得,差评
体验差……………………,差评
买了三张票其中两位符合退票的老人票不退。,差评
人太多了人挤人体验极差,差评
多买了一张门票，不能退票，实在不人性化！,差评
除了人多外没啥看的，感觉上当了，10多分钟就逛完了,差评
一言难尽，一言难尽，不好玩,差评
**公司不查票，免费让我们买票，过份,差评
真差，半天没动静！！！！！,差评
我好像欠门口卖票的钱，第一次来也是最后一次,差评
**地方，撒比才来20元鸟不拉屎地方，根本不值,差评
非常差劲骗外地人确实恶心人,差评
出票太慢，直接让人没有欲望,差评
哎，大学生特种兵很失望呀,差评
没有啥意思，转了十分钟就出来,差评
买票显示有导览，门口很冷漠的说没有导览,差评
购了票之后进来不能用。,差评
寒山寺文创呢个店员我就进去转了一圈出来不到一分钟我还没走出去呢就摔门声音巨大因为这个对苏州印象真的很差摔门真的很生气,差评
票买了不让进园差评！？！,差评
景点不错，只是卖门票的老头太差劲，自己不会网络的购票，又不请教别人，脾气乱差，真搞不懂，耽误好长时间，最后还是领导来帮忙,差评
为什么有3个售票点，而且售货员服务态度很差我在**上买的票是20元钱带大钟宛但是去到大钟宛还要5元钱的门票真的是被套路了,差评
辅助码根本不认，发了两次都不对。需要的智游码，同程也不知道，景点售票窗口都是上了年纪的人，态度很差，只说这个码不对，不对在哪，就不说了，很糟的体验。耽误行程，浪费时间。,差评
至寒山寺售票处换票，售票处工作人员态度极差，严词拒绝换票，售票处人员称同程购票确认后的短信不予承认，理由是同程与寒山寺无协议合作，要通过第三方集游宝短信确认才能取票，寒山寺售票处工作人员还用苏州方言取笑不懂寒山寺园方的规则，至此无语！同程客服人员效率极低，同程客服沟通一小时后，集游宝才发入园验证码,差评
十分不推荐。门口拍照，不买票就对了。就是烧香礼佛撞钟。只能说张继的诗太有名了。香火鼎盛，很多寺院也没有这么人流如织。但是除了香火人流，不知道有什么可看。大钟苑和寒山寺隔一条小路，大钟苑倒是确实有一个大钟，但是不让撞。大钟苑和枫桥景区就给用围栏隔开，其实没多大地方，分开售票，还没什么转的，特别不值。不推荐。,差评
近期最糟糕的景点体验了。高度商业化，不好的那种，人多而乱。如此客流的景点，实体票电子票还要绕行不同入口。大面积装修却不停业，视觉听觉嗅觉糟糕，**嚏狂打不止，进去不到五分钟就退出来了。,差评
其实一般，里面的工作人员服务态度很差:，好像是寒山寺的工作人员，如果不是张继的姑苏城外寒山寺，估计没有这么大名气，敲三个钟声，还收费，更是可笑，由于不了解，对寺庙的和尚一直不喜欢，他们身上浓浓的商业味，为俗人还俗，关键还得装成大师，什么修行，估计也是为了赚钱生活！,差评
拿着同程的电子门票去，正好碰到一个旅游团队入园，于是站在门口等人走完了才进去。但门口的工作人员颐气指使，声称人还没齐，我进去阻碍了他清点人数。在说明本人已购电子票后，该名工作人员继续无理谩骂，还没进园已经倒尽游览胃口。园内管理混乱，工作人员几乎个个态度傲慢，守着收费钟楼的工作人员，一问三不理，完全不像佛门应有的样子，即使不是佛家弟子，也要尊重佛家文化吧！寒山寺，已经沦为铜臭泗溢之地，不去也罢。,差评
看见这戴眼镜的老女人了吗？我只想买个香不想买烛。这老女人态很差的来了一句，没有最少八十！我想问下苏州旅游局你们就这样管理的吗？,差评
比去景点买还贵！景点只要20一张。在这买还有个什么保险2元！而且正门换票窗口不给换，只能跑好远的西门口换，晕**了！本来还以为在这上面买会便宜方便，结果不但不便宜，换票还麻烦！换的票还不是景点票。是一张电子打的类似超市那种白底黑字票！！,差评
服务态度真差买的除夕的票非的说电子票不能入不能入卖干嘛谁差这点钱跟直接买票是一样的何况换票的时候问过了可以进真是扫把,差评
售票处的人都是年纪大的本地人，拽的不得了，对人爱理不理的。真搞不懂寒山寺干嘛找这也没礼貌的老年人来售票。,差评
买了六张票，因为停车很久找车位的原因，想分批进，结果不行，六张票不是正式门票，是合并在一张纸上的票，只能统一进去。大爷的！省这点钱还不如直接在景区买票了。同程体验感极差,差评
同程上订票用不了，售票处大爷很得瑟，建议大家现场去买！！！信息也不行(▼皿▼#),差评
真的是很不开心～售票处跑了三处才找到可以兑换网络售票的～进去逛了一下在寒拾殿里看到有募捐修建塔院的就奉献了点心意～结果两个阿姨要我在功德册上留名～我说不需要了～阿姨们一再说要我留名～结果留了下让我写上金额～又捐了说是募捐箱是无名的功德册是有名的～本来是做好事结果弄得不开心～感觉带有强迫性质甚至怀疑两个阿姨中饱私囊～个人认为寒山寺作为中国十大名寺之一急需整顿环境真正成为佛门净土做到名副其实,差评
该网站票务信息不完善，没有老年票，导致购票后在景区售票处按照工作人员提示购买老年票后，此票不能退票。非常差的体验。,差评
你们同程app内的入园辅助码景区不认可，无法识别，非得要短信里面的辅助码。二，短信发来的辅助码跟app内的辅助码还不一样。逗我玩儿呢。三.最关键是你们同程app内信誓旦旦的说凭辅助码换取入园凭证，结果不好用！！！！,差评
除非为了去烧香拜佛，否则不建议去了。人多不说，景点那么小，一二十分钟就转完了。都是烧香拜佛的，各个点连个介绍都没有。本来想去去枫桥夜泊，结果是和寒山寺分开的，还要单独买票。人多还没啥看的，巨坑。建议把寒山寺排在苏州最不值得去的景点第一位，门票5块钱都嫌贵。,差评
不知道取票处，问售票处和停车场工作人员位置态度很不好可以树一个指示牌子改善的，顿时让人心情变得不好了,差评
票买重了，多买了两张票，使用时扫码核销的人说可以退，她扫一张就行，后来平台上点退票审核不过，就说核实不符合退款要求，有啥办法，只能认栽，40块钱不想纠缠了，真是有理说不清，平台不想退游客真是投诉无门,差评
售票的没有年轻人都是老头老太，态度差得要**，里面的景点就三个,差评
无，语，极差的旅游体验,差评
不怎样，人很多，就是花钱去烧香，撞钟还得花钱，，，不拜佛不建议去，,差评
买票很方便，就是没有景点门票，收票员说便宜二元钱就没有门票只也太不可思议了。,差评
购票说可以改期，实际改不了，并且客服说没有办法，只能退票，但是权益不是当月的，退不了。霸王条款,差评
买了plus会员享受1元购票，跟家人一起游玩，实惠享受，大大的赞,差评
卖票阿姨简直弄不灵清。给她订单确认号她一定要看短信我删了还说我没玩删什么,差评
人暴多，网上订票没有二维码，还要去换票，一老头拿着手机核查半天，开个白条，真**土，坑人,差评
订票后还是要去窗口排队取票，不知道这网络订票的意义何在。,差评
寒山寺非常非常的好看，值得去上佛,差评
这是我所见过的商业气息最浓烈的一群寺院，社么都要收钱。。建议向台州天台国清寺好好学习一下。,差评
都不能用，自动手动都点不了，客服说再给个码，至今杳无音信，极差的服务态度,差评
进去看了几分钟，走错门了，再不让进，可恶，太差……,差评
整体游玩体验一般般，玩的还行,差评
整体游玩体验一般般，玩的还行,差评
票价可以接受！敬香却要花钱！建议可以免费送三住清香,差评
我人还没有进去，为什么tmd是已消费状态,差评
人太多，不推荐节假日出游此景点,差评
**，人暴多，换票麻烦,差评
游人多取票跑了问了好多路。,差评
不好，什么都没有，态度也不好,差评
景区当天不能取票，申请退款，还失败,差评
游客太多，体验很差，到处是人，没法细细品味观察,差评
寒山寺的客户服务中心居然不能寄存行李，被告知存到对面的超市，一次10元。这是闹得哪样啊，变相的乱收费啊,差评
人多，杂乱无章，枫桥景区在装修，不开。,差评
换了好长时间，换票的人说同程的票比较难兑换。,差评
游客服务中心不给寄存行李，对外地下了火车直接来的游客实在是太不方便了。希望能改进。,差评
取票窗口工作人员服务差,差评
检票人员素质太差，任由老年游客反复询问也不提示游客如何展示二维码，仅在检票口就耽搁二十分钟,差评
节假日千万不要去！！挤，太挤了。没看到什么，光看人了。,差评
差差，没见过这么差的地方了，都**的什么东西阿，就是坑我们阿,差评
游客服务中心不给寄存行李，对外地下了火车直接来对游客来说太不方便了。,差评
冲着姑苏城外寒山寺才去的；结果一个字差....太失望了,差评
很差，一点意思没有，本来不进去的，犹豫下，哎，现在可后悔了,差评
有点坑不太好玩，无聊,差评
人山人海，很小也没什么可看,差评
啥都没有，比较单调，香都不给一根,差评
没有去，买了不能退。。,差评
不怎么样，后勤建设，没有见到原来的,差评
贵不值得，不到半个小时逛完,差评
去了个寂寞，只有房子，,差评
装修，枫桥，夜泊处，大钟，都看不了,差评
检票员说我的票不管用,差评
忘了退款，亏大了！不想说话！,差评
停车难，人多景差。。,差评
有些不值，应当免票。,差评
非常差，建议别去，几分钟逛完～,差评
售货员服务态度差,差评
我还没入园呢，就把钱吞了,差评
门口野导游猖獗，因为一首诗才来的，不值,差评
不要买。。。。。。。,差评
诗是诗，寺非寺。一个天，一个地。,差评
换票的工作人员态度恶劣给他们看了同程上的验证码很不耐烦的说不对再找我没听明白想问在哪里找他们就是不说一直重复说不对自己想后来我才想起来有一条短信验证我想说的是明明一句话能提醒一下看短信验证码非得让人在售票处浪费那么多时间摸不着头脑我也是醉了,差评
全新的景区，伪造的古迹。同程应该知道这是一个全新的人造古迹，竟然没有任何说明，而且还要先付款，为啥啊，不就怕你不上当吗？景区印象怎么只有好评，没有差评？性价比连一星都不到，五一期间景区售票处除了团队，竟然没看到有人买票。原先怕买票人多，先预定，吃亏了。,差评
差评给网络取票口的那个大妈，态度差到极致。工作都做不好，让你查个订单，**活查不到，非说没有我们的订单，搞好几分钟才说有票了。真无语。寒山寺请正常的员工不行吗？,差评
没有验证显示已经消费了，差评差评差评，太**了,差评
平台只会一味让客户联系景区，把责任推给客户，让平台是什么作用的，极差的购票体验，客服的态度极度官方，根本不听让客户把话说完，只是为平台开脱责任,差评
去了就后悔的地方，家门口随便一个公园都能和他媲美！！！！,差评
院子里到处在修路，难走的要命，游玩体验极差还敢要70的门票，里面完全是该闭园的程度。其他的任何一个园林都比拙政园好看，还都比他便宜，要这样大修就该闭园。,差评
进门很多人排队，快到入口的时候有人插队，插队的人胡搅蛮缠一会说自己没插队，一会说自己带着小孩呢，工作人员不制止反而任由插队。希望以后工作人员可以严格管理，出事不装瞎，加以解决或报警,差评
有施工的体验感不好不值70感觉一般可能春夏天去会更好吧,差评
预约免费入园显示成功但进去说没票，如没有预约上票就不要显示预约成功，害人老远跑过来让人心情不好，苏州这预约免费门票是要付费的。,差评
80块的门票一点都没划算就一个小公园,差评
今天去了纪念品商店，被店员指着鼻子教育了，本来开开心心来玩的，一下子什么好心情都没有了,差评
拙政园里的自助解说器太黑了，内容差劲，经常不工作，而且价格奇贵，收费不合理，欺骗游客,差评
一句话别去你装修可以你丫一定要把所有通道封**只留一条所有人进出都一条路大家聚在一起人多又没啥好逛全是油漆味所以别去还不如网师园,差评
门票价格：景点门票是免费的，居然刷票后不能退款,差评
门口检票的短发女工作人员态度素质极低对待游客口吻蛮横安保人员素质低下对一些游客直接推搡,差评
线上预约需要排队，线下不用排队，排队半小时，线上预约人太多！,差评
您配吗，门票不仅贵，还有很多地方看不了，吃相有点难看呢,差评
不好不好，人太多人挤人，景区还不大，三十都不值,差评
不值得没啥玩的，160，一个小时都逛不上，确实挺一般的,差评
园子太细，30分钟可以走完，没有景色，人山人海，门票太贵。谁来谁后悔,差评
人太多，接待态度也不好.刚进去就出来了，就当丢了240块钱吧,差评
酒店晚上很差，厕所有两个烟头，地毯没有打扫，有大量女生头发，厕所防滑垫没有打扫，有大量黑色的污点，极度睡不着，不同意换房，第二天才换，一共住了两天，很脏。地毯超级脏,差评
我还是多喝点酒的多喝点好的姐姐,差评
**逼老子进园之前退的票不给我退刷一次身份证成人学生两张全给我核销了滚**的,差评
人多的要命，你进去不是看园林和绿植的，你进去去看人头和人山人海,差评
很好，正直大学多去玩,差评
景区无法寄存行李，就知道收门票。,差评
网上买的需要排队，线下不用排队！排队需要半小时！,差评
同程预定真的很方便，但拙政园景区管理太混乱了,差评
夺少？八十？颐和园多少钱，你僭越了，最多值40,差评
门票贵，人多，园细，不值得去,差评
差，人多，卫生差，态度不好,差评
太差，人多，卫生差，态度不好,差评
不咋地，服务不好。。。。。,差评
语音服务没法使用，客服电话打了3个也没人接,差评
两张票没用竟然还不可以退票,差评
人流量很多，景色普通，逛不到特色,差评
店家服务超级不好！骗钱的！,差评
门票贵，人多，比普通公园还差,差评
这地方还是少去，地方太小，人太多，基本人挨人了，没意思，,差评
买的三份，只收到一份，找客服投诉无果，也没给退款，简直无语,差评
2023年6月30，园里好多景观都在装修，每个地点都是人挤人,差评
多了1.9元又说可以减13元，骗人的，最后多付了钱，啥都没有！,差评
多了1.9元，说减13元，最后只是多收了我1.9元，根本没有减一分钱！,差评
人太多太多，挤**人了,差评
不好用，没有声音呀。,差评
**地方，这辈子都不可能去，建议不要去,差评
非去不可嘛？不限流，人挤人。,差评
骗人，**的个巴子，他还不要人。,差评
无聊人太多了拍照也不好拍,差评
真小！！！！！！！！,差评
人山人海，没意思，下次不会再去。,差评
真不行啥玩意，交通不便，指示牌都没有,差评
没任何用处，打不开，人多听不见,差评
全是人，热，没有下一次了。,差评
人从众，全是人。,差评
没声音根本！！！！！！！！！！！,差评
赚麻了这园子太牛了。,差评
無法進入拙政園，工作人員表示台灣並沒有此免費預約票,差评
为什么不能退一张？部分退啊,差评
检票口的人态度特别差，就好像别人欠她钱，差评差评,差评
工作人员不靠谱，检票检错了说多买的可以退让我放心，结果退不了多收我一张成人票的钱，非常不靠谱，生气！,差评
服务差评！！！工作人员太差,差评
差评，体验感差，人山人海，园内各种票价高,差评
儿童的票秒出，同一时段成人的一直出票中定不上，没人陪儿童进去，儿童的还不能退，差评,差评
超级**，从来没有觉得这么被忽悠过的景区。购票的时候要求预定时间段，结果去了之后告知，不按照时间段，直接排队进景区，然后人超多，排了一个多小时才进景区，进去挤着走了半个小时就出来了，没风景可言。景区管理员还骗游客说，大家都是按时间段进景区的。进了景区，就看到保安在骂游客。这么点小公园，进了5000多个人，摩肩接踵。,差评
真的九十块门票一点都不值里面花园野草丛生种植花园无人修剪一地落叶**遍地真的浪得虚名而已，真的只是去个名声的，建筑也没什么特色建议去留园留园很干净虽然比这个小不了多少，而且干净卫生连卫生间都有空调而且干净得很又便宜，景色也很宜人，特别干净修剪得也很好种植或者建筑安排都很有章法不像拙政园，真的不想来了玩了一小时就走了，水很脏但是很多鱼，没了真没看头别费钱了，以后免费都不想来了蚊子又多,差评
在拙政园门口有很多黄牛力推其他套票，意志坚定拙政园走起，网订90，价格跟现场差不多，不过很方便，避免长龙式的排队，景色真心不错，缺点可能是小长假去的，人太多，有点步步即景，处处是人的感觉。,差评
以为苏州园林甲天下开了7个小时车从外地赶过去就是冲着名气去的但是里面的景点确实不怎么样可能是秋天了荷叶也都枯萎了走得很累没什么可逛的1个小时就出来了,差评
一般我要么不评价，要么给好评。但是这次实属无奈之举第一投诉拙政园研究生学历，按照正常我买的学生票，当天正在下雨，在门口排队，拿着学生证给刷卡员看，她于是刷了身份证，之后跟我说研究生没法享受半价，让我退了重新购买，我当时直接重新下单，原来票是2.30的，重新预约是5.30了，和朋友于是不打算淋雨等，于是直接回家了。第二同程平台真的不怎么样，我朋友也是研究生，**购票，之后向客服反应了情况。客服立即联系那边退款了！而同程却已各种理由推诿拒绝。是的，你们写了很小很小的字说本科以下，也就是说研究生吃的国家的饭碗了！不给退，那么请问我消费了？如果我进到门口里面拍了照片，也可以。钱我送你们了！但是刷完卡就让我走了，作为消费者，我有权利和义务给平台给拙政园免费送钱咯！穷学生比较好坑咯！没有权利可言咯！为啥工作人员犯的错误需要我来替她承担呢？可能原因在我，第一不该在同程购买产品（团购网挺多了，建议大家擦亮眼睛后选择，毕竟是享受服务的，不是受气的）第二不该来苏州，本想为社会贡献点gdp，没成想遇到了农夫与蛇的故事发生不是我吐槽，苏州呆了两天，任何古镇都要向外地人收门票100本地人免费,差评
国庆排队2小时入园，进去发现没啥，几个亭子而已。浪费钱，不如路边的公园逛逛，现在好多小公园都是模范那样的，所以进去就见怪不怪了。,差评
进园前人多秩序乱，无人问津插队排队，进园后乱哄哄，到处都是人，顿时间没了欣赏的兴趣,差评
人实在太多了，不年不节的周一，全是人，完全没有游玩的兴致了，喜欢人山人海的可以去,差评
没什么看的，都是吹的，票价不值当，商业化运作，感觉上当。,差评
这地方大街上黄牛太多，太黑，表面看起来人挺好其实好坏，玩了拙政园后就去坐船，再后来就一直带你去购物点，一天的时间就这样耗完了，希望去那玩的朋友不要找黄牛买票，自己买票一天可以多玩几个景点。,差评
首先外面多了一个拙政园停车场，离拙政园还有4公里，每小时5块钱，坐车到景区要买套票被坑了，苏州真有这么缺钱么，感觉被套路了，进去以后，景区太小，人太多，到处都是熙熙攘攘，上厕所都难得很，景区的工作人员都不上厕所么？到处都是出口，随便看看就出去吧，没什么好看的，几盆破花，几处仿古的建筑，彻底的失望，出去后吃点苏州本地味道红汤面，真是这辈子吃的最难吃的东西了，18块一碗，你倒是做的有点味道啊！几根面条加点酸菜，外带两片肥肉，这就是苏州味道的雪菜肉丝面，苏州的美好形象瞬间被砸上了一坨屎,差评
很不美妙的一次旅行体验，车子导航的是拙政园停车场，却把我们带到了换乘点，问工作人员说只能从这里换乘才能去景点，结果乘换乘车到景点才发现有个很大的停车场，这是蒙外地人吗？一路都是推销半价票的，甚至骑着电动成穿梭在机动车道，非常危险，文明程度这么高苏州怎么能有如此不文明行为，苏州旅游部门不整顿吗？门票价钱也偏高，80元的门票，最多转悠个把小时就结束了！整个旅游环境有待提高！,差评
导游完全不上心，带的无线耳麦基本都是没电或坏的！没有准备好的工作这叫服务吗？出了价客户必须享受相应的服务！没有耳机的游客只能紧跟着走，那不是和其他不花钱的游客一样吗？难道会退差价？想多了！让我旅途中带有遗憾！景色还是很美的！,差评
就是个公园啥也没票价太高了,差评
外面拉客的黑导游太多了，停车没地方，一不小心被坑，这是这次苏州游的最大感受，感觉管理太差，景点都是人，使得游玩根本没有园林的意境。,差评
我买的是拙政园套票，为了进拙政园花了40分钟有时间，同程网上写着凭姓名加手机就可以入园。但是到景区门口根本进不去，要二维码才能进去。打了十几个电话总算是进去了。接下来我们准备去坐游船，问题又来了。同程网上没写在哪个码头坐船，又给他们打了十多个电话，打到电话都没电了。同程客服不知道在哪里坐船，我们都问了四五个拙政园工作人员以及售票处，也问了两三个码头。终于在一个半小时后得到消息在藕园坐船。个人觉得藕园很美值得一去，拙政园没意思不好玩。坐手橹船很有意思，但是服务让人很气愤。上船后路线严重缩水，都有游客善意提醒了，还是走短路线。坐在船上没一会那划船的老人家就跟我们说付20块钱给我们唱个小调。我们说不需要，她还一定要唱，三个桥洞一过，调停走人。就十分钟左右，很是无语。票价也没便宜，就是正常售价，不建议买这套票。,差评
除了人还是人，景色看不到什么，建议不要周日出游，门票88感觉不值，景区很小，逛了1小时不到就出来了，中国人话说真的挺没素质的，家长让小女孩就在景区地上嘘嘘，上海口音游客边走边吃瓜子，直接扔地上，草地上被人走的都秃了，素质啊，太丢中国人的脸了，总之对苏州印象不好，公交也慢，也堵，到处都在修路，空气差，自驾出来玩的，后来都不敢开车出去，堵**！,差评
脏乱差，门票只要30元，停车费要40，人多我就不说了，排队停车3个小时，车子插队没人管，狭路相逢勇者胜，不要管前面是人还是车，撞上去，就会让出路给你，这就是苏州的交通！！！！！,差评
拙政园虽说是到苏州一定要去的园子，可是旅游感觉却是最差的，才走到苏州博物馆附近，各种票贩子口中的30元门票招呼声不绝于耳，拙政园官方门票70元，为何票贩子说30元就能入园呢？最不可思议的是有管理人员对此视而不见，看似默认这些票贩子的行为，不知道苏州市旅游管理部门是怎么想的，一张苏州名片就这样被毁了。,差评
脏乱差，门票只要30元，同程收70，停车费要40，人多我就不说了，排队停车3个小时，车子插队没人管，狭路相逢勇者胜，不要管前面是人还是车，撞上去，就会让出路给你，这就是苏州的交通！！！！！,差评
就是个很小的圆子，没什么玩的，里面还人多高峰有9000多人,差评
安排十分不合理，体验感极差。首先从时间上来说联票是仅限当天的，就是说一天时间要去拙政园（拙政园附近有很多毗邻的景点，从合理安排路线上来说肯定要先欣赏附近的景点再去缥缈峰）和缥缈峰，让人根本来不及。再者从距离上看，拙政园和缥缈峰相距40-50公里远，打车要花200左右，一个多小时，就算去了拙政园马上去缥缈峰也会很疲惫和匆忙。还有就是景区人流量太大了，根本没有体验感，票价偏贵，不值。,差评
同程网上没有取票二维码，只有个入园辅助码，现场几个工作人员都不会弄，折腾了好久才找来一台设备刷出张单来，vr内容做的非常粗糙，人物做的还赶不上五年前一般的3d游戏，内容也非常短，只做了拙政园一个亭子周边的景物，根本不是带你逛一圈，而且虎头蛇尾草草收场，失望极其失望,差评
检票处管理混乱，服务较差。门口附近“黄牛”很多，误导停车场位置，目的为了提供售票和餐饮的服务。苏州这么好的城市，有关部门应该好好管管了，不要让旅客留下不好的印象。,差评
园林景色没得说，但景区外面**太多，遍地都是，人素质太差，骗你没商量，周围交通非常乱，没看到警察维持交通，周围道路停满了车，警察在那里贴罚单贴不赢，找不到停车场，开车转了差不多两个小时没找到停车的地方，景区有个停车场不让进去，结果停在几公里外的一个工地的停车厂里，这是一次噩梦般的旅程。,差评
人奇多，能说不是来游园的，来看人的好吧，买票排队，进大门排队，游园移步还是排队，实在是太多了，毫无游园心情,差评
好了大晚上平复了心情来唠唠今天白天发生的事情，初到苏州先是在同程买了拙政园+耦园+游船的128元套票，结果付款成功的短信来以后没有任何对景点地址方位的提示信息，联系客服后客服专员让我们自己去找；那拙政园很好找，显示成功验证了门票，在拙政园门口问了工作人员游船的方位结果被告知他们不清楚，遂打电话给客服，客服叫我们自己找，客服人员她自己也不知道，我们找了一个多小时找到耦园的工作人员，结果被告知他们很早之前就和同程解除了合作关系，他们根本就没有耦园+游船的联票项目了，打电话再和同程客服联系，客服说他们已经和耦园联系过，我们可以去游船！结果我们在来来回回的询问和等待电话中过去了两个小时！！！结果还是没有游船........客服人员再和我们周旋中提出退回我们游船的差价，大热天真的太折磨人了！,差评
同程的服务是挺好的，票的日期订错了很快就退款了。园子景色倒也不错。只是闭园时的清场行为粗暴野蛮，令人极为反感！当时，只见一群穿得像特警的人突然出现在园子西侧的各个路口，面色阴沉，目光冷酷，将游客向出口驱赶，不断吆喝：走快点！走快点了！仿佛衙役驱赶要饭的一般！游客们都极为反感，不时有些争执。我也忍不住和他们争辩了几句，有人冷冷地答到，上面安排的我们也没有办法，我们也要早点下班啊。现在连城管都文明执法了，而且我们可不是占道经营的小贩，而是他们的服务对象衣食父母，可是居然被他们如此粗暴无礼的对待！我想问问他们，作为一个社会人，知道文明礼貌吗？作为服务行业从业人员，知道谁在养活你们吗？我想问问园方管理者，是让你们让他们这样无礼的对待游客的吗？你们知道他们经常如此的对待游客吗？美景因你们而失色！苏州因你们而蒙羞！,差评
不要找黄牛，他们都是**，景点也没看到钱也出了，**拉着让购物，最后自己打车走了，当误时间也没看，气人。,差评
崭新设施，干净卫生，床铺舒适，房间宽敞，停车方便，提供早餐，服务也很好，性比价很高，非常推荐预定，点赞好评,差评
不好玩，而且好乱，没有书中的感觉，商业化太严重，买东西的地方有空调，搞得外面好热。不好不好，不去遗憾，去了失望,差评
"plus会员太坑11个同学着急买票看到提示说原价70用了以后可以优惠到48立即开通,才发现一次性只能用两张价格也不便宜109,开通以后等同于就没有用上",差评
今天的苏州黄牛真厉害，把外地人当爹一样宰，真是**高手，骗着你说几个景点，让你少出点，结果拉着你买假货，景点也没看，还耽误你的时间。,差评
外面到处是卖票的，40块喊着卖，不知道园区是怎么管理的，再说说景点，号称最有名的园区，出了里面的古建筑好点，其他不敢说了，又小，人还多！真的是乘兴而来败兴而归，苏州旅游缺失让人很失望，还有苏州的出租车，真的是**的不要不要的，拒载是他们的代名词！,差评
太**了！！一点也不好用。我给大家说一下啊，首先你点开链接输入你的验证码，然后就会跳转到拙政园的地图。它所谓的讲解就是你从屏幕下方向上拉，然后出现几个视频，点开听。但是……所谓的趣味就指电台广播！！完全就是广播啊，一男一女交替的说着十分尴尬的冷笑。也不能查找自己的位置。它说的地图指引也就是园区里的指引一样，并没有语音指导你向前还是向东。完全就是平面图，任由你自己去找。真是太糟糕了！,差评
不好玩，就是个普通公园吧没感觉，主要是之前见过这种房子样式见多了吧，90元贵了,差评
不愉快的旅行，园子不大，精致没有想象的好，门票90那么贵，一定要小心那些小贩，旅游观光车，摩托车都不要坐，超市也这个样，他们会强买强卖套餐门票拉你去指定的酒店，事先预订的酒店还给我取消了，非让我住贵的房间这些人，很不愉快,差评
真的和本人与电视上相远了，不值门票90元啊！,差评
这个联票真坑人，拙政园，虎丘，盘门的地理位置是三调角，我们第一站到的拙政园，认为这是著名景点，要先睹为快，结果打算去其他两个景点时一査地图蒙圈了，无伦去哪个景点都要坐很长时间的公交车，这样来回往返耽误很长时间，每个景点周边的景点就都去不了，以后再也不会买这种联票了，而且取票时也特麻烦。,差评
以前在别处玩网上买票都比窗口便宜，于是在网上93元购买一张，到了门口一看，售票窗口标价90，瞬间感觉心里堵的慌，3元虽少，怎么说也是受骗上当一回！,差评
人人人全是人，公园也不管制下，就有多少人就进多少人,差评
人超多，都走不动，看的全是人头，景区也不知道控制人数，就知道**赚钱！！！连4g网络都用不了。。疯了，那个10元的讲解简直就差的要命，找不到位置，也不会自动播放，一点都不好用。,差评
有点失望，有点萧条，苏州园林的代表，也是中国园林的代表，70元票价，确实是有点坑人了，不如北京的大观园,差评
昨天买的，今天就降了10元，两个人20。也没有标注有什么特殊活动，一天一个价格吗,差评
拙政园，名声大，雨点小，或许本就是江南人，对园林见多不怪，真心觉得一般般，可能北方人比较喜欢。另外吐槽下黄牛们，那真是比苍蝇还粘人，从马路到景区入口，特么的走到哪里都有黄牛跟在后边唧唧歪歪，说30块送进去，其实哪有那么好事？？呵呵！信黄牛，等着**吧！,差评
啥玩意，票购买成功，系统还能自动给我退掉，。如果没有票就禁止拍不就行了？为什么拍了系统要自动退票？跑了上千里就是为了让孩子参观下，没办法就不停被退票又不停拍，3、4个小时，拍了百多次，退了百多次，还是在23:58分把2个大人的给自动退票了，害人哦！！,差评
这个讲解就算了，时不时的就弹出来要收费不说、讲解也简单，加上国庆期间景区网络差，几乎没啥用！,差评
大家千万不要买这个产品，价格高信息又写得不清楚。游船没有备注说明只是在藕园坐船，底下却备注了个夜游护城河取票时间在晚上，但两个完全不同项目，既然不是此门票里面包含的，就不要写上去误导游客。太失望了！客服积极处理，然并卵，一再说明损失还是得游客自己承担。,差评
本来说是plus会员可以买四张的，结果同一个景点只能买两张，多花那么多冤枉钱,差评
购票不愉快，同程上没有说明老年人70岁以上可免费，学生半票等信息，害得我们购买了全票，多支付了225元，真是可恶，故意设陷阱，其他景点都有说明的,差评
千万别国庆节去，去了一百二十个后悔，排队俩小时，而且不排队需要30一个人有黄牛带进去，保安值班放进去，明显的一个利益产业链，里面空间狭小，走路都走不开，还有心情玩，妹子的,差评
就为了去趟拙政园，特意将园林年卡续费120元，到了门口才知道忘了带身份证，一行五人，就不让进，什么电子身份证，园林卡续费凭证，购票二维码统统不管用，而且验票小姐冷眼相待，不近人情，找服务台沟通，一个劲说让补票，别无选择，我只想说都什么年代了，随便一查是否购票就一目了然，为何不能通融一下呢，如此服务，如此管理，如此认钱不认人，实在是为大苏州添抹黑，添堵！,差评
园林门口有很多店家买门票，拙政园30元，狮子林20元，比同程便宜多了。,差评
人太多了，买的导游解说不准，毫无体验。简直就是扔钱。大家换个院子吧,差评
购票的过程中，体验很不好，明明提醒我有20元的优惠券，可是在支付的时候又没有使用，想知道这20元的优惠券怎么用，我多次退订尝试都没有用。拙政园还显示优惠可用，我下订单的时候不能用什么时候用啊？,差评
对广东人来说没啥意思，跟广东四大名园类似，门票可是翻了好几倍啊。,差评
景区的黄牛党真是多，甚至还有为了抢客而干仗的，没有人管制。园林内的景色有一些还在维护修理中，人多是园林的景点。其他的根本就没有的观赏。来一次就够了。,差评
我买了会员包含解说，为何不给我用，还要我再花10块钱买，而且这个解说操作起来麻烦很，进入和退出都很难找到，游玩位置和解说也难对应操作,差评
入园时间太长，网上预约时间根本保证不了，排队也很混乱，管理不到位，进入园区尽看人了，看不到景，感受不到园林的美,差评
70的门票不值比扬州个园差多了，又小又贵,差评
游玩景色不错，但是价格贵，和现场直接购买是一样的，而且夜游取票很费劲，打了好多电话。,差评
这个联票有问题的，同程网的客服自己都搞不清是哪个游船，最后说是耦园内的摆渡船，那个船4点就不能坐了，根本不是运河夜游船，而第一个客服还误导我说就是夜游船。这个联票其实还没现场买便宜，拙政园外对折票到处都是，购票界面上也没说耦园在哪里，还需要自己百度到，同程的app做的不好，体验很差，还浪费我很多话费,差评
是骗人的，只是白花1元钱，不是门票，被误导了！,差评
不怎么满意，没有优惠。和景区门票一样的。而且天气太热，想要坐个三轮车去耦园都拒载。他们偏要我们买他们的门票才带我们去。结果没去成。两个人还亏了70多元。又不能改到第二天去玩。可惜。,差评
心里很不是滋味，黄牛骗钱，景点也没看，钱也出了,差评
90元一张门票，一点都不值园子不大没有游客的话，半小时就走完了太啃爹了都没什么风景可看，广告做得好有上当的感觉，个人见意去苏州的游客换个景点,差评
价格还是现场便宜，夜游船兑票很麻烦，路程也很短，是一次比较失败的预定票！,差评
也就那样，人多地方小，和豫园比也没啥特别的，门票太贵，不值！个人感觉更像一个公园，顶多也就个3，4a。有些失望,差评
园内指示不清楚，停车场收费比较混乱，到处是黄牛拉票，票价有点名不副实,差评
购票害**人。为了让孩子了解苏州园林，拍票花了我几个小时，累的要**。真是够够的了！这哪是来玩，就是花几个小时去抢票的。再也不要到苏州了，**,差评
同程旅游****要定票的亲们不要再上当了。我买了5张票，想退了一张。他们说一张不给退，要退就全部退还要扣20%。的手续费。我白废了90元。真的亢人啊！不要再相信同程旅游了。****~,差评
风景是好，可惜没感觉，最要命的是人多，这么小个园子，人暴多，集体大合照，停车又费劲，就是坑爹,差评
园林景色比较一般，名不副其实。最郁闷的是园区免费导游那边态度很差，过去问时候爱理不理，讲解也嘟嘟囔囔非常敷衍，30分钟就搞定走人,差评
导游28元，到点要说28元针对的是一个人，我们去了3个人，要收3份钱(据说同程有提示，我没评论之前，谁看得懂！)电话同程投诉，2天了，也没个处理结果！！售前服务提示不到位，售后服务处理不及时，差差差！,差评
我没有文化，看不懂，租了个电子讲解器，也看不懂。我觉得没什么看头，门票这么贵真的不合理啊，现在随便一个当地公园都有这种苏州园林的模样，没必要专门来拙政园这么多贵来看，不值得！,差评
捆绑景点，其实拙政园的门票只要70，结果多出了15元去了个捆绑的景点。其实就是散拼团，还要固定时间，并不是随到随进。,差评
购票方便还有点折扣，游玩嘛见仁见智，我进去不到40分钟就跑出来了，一个是景点不吸引眼球无任何特别之处，二是人多，这个价格太不值了，我去故宫才60多,差评
黑琼真的挺坑人的。没什么优惠而已，太虚了。以后不会再购买黑琼卡了，也算是同程的忠实用户了，实在很失望。,差评
同程的服务没的说，进园很方便，可是节假日人太多了，游园体验太差，可以找个人少的时候来。。。,差评
票价无优惠且未告知有学生票可当场购买，结果买了成人票又不能退，很遗憾！,差评
门口**买票价格只要40一张，你们居然卖90一张，并且还要提前一天买。当天买的话，还非要搭售评谈，卖个110的高价。这是什么意思,差评
性价比很差，园子不大，人很多，很多设施已比较陈旧，关键到处都是人，一个园子被人塞满了，还看什么景，还有什么旅游体验？,差评
园林其实不错，就是人太多，太多，太多。完全破坏了园林的那种幽静氛围，逛到一半太累了，都是看人，就直接出来了，很扫兴,差评
**玩意，没消费的票，不让退，大家不要在上面买了，不能退票,差评
现场买讲解才20元，网上买比现场的还贵，如果退还要头一天24点前退，公园门票还可以当天24点前退呢，整个一个霸王条款，太次，大家别上当。,差评
同程的**，买票返7块，写清楚5元抵用券，2元点评奖励。打电话客服主动挂电话不算，还要45个工作如返还，质问下就45天，山寨。,差评
景区里有很漂亮，很专业的导游讲解。只是需要等到一定的时间点。根本不需要买，,差评
不好用，不能按推荐路线顺序介绍，很多景点对不上号或找不着，自动功能偏离很多。,差评
成人票网上买过还得再去景点售票处给儿童去排队买票，太不方便了。景点脏乱差,差评
景区太小完全没有性价比，本来想好好逛逛，结果一个多小时转遍了，应该就值个三四十的门票！,差评
环境不错嘛，服务态度也很好！位置呢也不错哦！非常感谢提供住宿房间，体积感都要好好的,差评
价格贵，性价比一般，学生票硬是不给我出，又逢清明涨价亘古未有，售票员虚伪奸诈，让人很不爽,差评
门口多的是讲解导游，而且园内有免费导游，根本没必要在同程买导游。而且是拙政园需要讲解，导游却在博物馆等，还得走一段路浪费时间，5.1本来就人多。浪费我28元,差评
**玩意，没消费的票，不让退，大家不要在上面买了，不能退票，客户一堆理由,差评
竟然和柜台票一样，那用同程购票有什么意义呢？噢，我仔细看过了票价是一样的，下次一样的票价不会再用同程了！！！失败的网购,差评
大家不要买门口黄牛的票，都是忽悠外地人士的，还有门口的水果都是加色素的不要买，不知市府怎么管理的，一个字“乱”,差评
景区不控制人流，只想赚钱。价格太贵，20元的价格应该适中。景区内建筑等维护得也不好。感觉徒有名声,差评
园林不错，保存得比较好，但是，没有考虑到残疾人和老年人的需要，轮椅都没法推。,差评
实在不怎么样，去的时候人暴多。基本就是看人了，园子也不大。儿子说90块的门票绝对是虚高。还不如先前去的留园和狮子林。,差评
预约后排队时间太长，管理不到位，园区内只看人了，感觉不到园林的美，票价也高，无意思。,差评
没意思，票还要等，不是景点给票是私人**，后来那个寺庙纯消费的！很不好,差评
失望，门票很贵，园子不大，因为被毁了三分之二了，没有扬州的个园和何园好，门票却贵了三倍，尤其里面的vr，太坑人，50元一点不值,差评
黑琼真的挺坑人的。以后不会再购买黑琼卡了，也算是同程的忠实用户了，实在很失望。,差评
假的，大家不要去，就是给你一个预约排队买票的机会，碰到人多还不一定进得去，还不如直接卖80一张了。反正我是不会去的。,差评
去的时候人太多了，不带耳机就听不到手机的声音，还不如去景区门口的蓝牙耳机，导游带着还能听到点内容,差评
买的时候以为是门票，从地图上搜搜转的链接就买了，都没看结果没去，都不会退票，浪费我28块钱,差评
买了票，兑票机刷不出票，给景区工作人员看了团购短信但不承认…大老远来看风景，结果受一肚子气,差评
这么小的园子，很多设施都旧了，关键到处都是人，一个园子被人塞满了，还看什么景，还有什么旅游体验？,差评
买的时候以为是门票，从地图上搜搜转的链接就买了，都没看结果没去，都不会退票，浪费我28块钱,差评
没什么太大作用，说不清什么典故，景点里面每半小时就有免费导游，没必要买这个，还很费流量,差评
很精巧的园林，免费讲解将精华讲得很好，然后自己慢慢逛，除去人稍多外，感觉还是不错的。,差评
五一还是不要出门了。人山人海，去看园林还是适合人少的时候。到处都是票贩子，四十一张不知道是真是假，承诺先带入园再付钱。,差评
人太多了，紧密地排着队在园区内半步走，园区应该控制流量。见利忘了游客的感受！,差评
人多，景色一般。而且太少了。门口检票的服务元，太多太差,差评
票价太贵，如果能在各个亭落免费提供讲解还能接受，朋友来冲着它的名声去的，不然肯定不会会去,差评
耦园简直就是个坑，游船根本就是骗人的，就在园外拐角转一下下，什么风景都看不到，还要问人要小费，非常不愉快的一次体验,差评
下午就玩了一会儿，订的请是下午4.30的票圈，5.30清园。还没怎么逛就被赶出来了，白白花了80大洋,差评
**啊好嘛根本没有换也没地方可以换结果今天居然让我点评**呀,差评
拙政园标识不清楚，不明不白就出园了，上厕所排队半小时，然后就出来了，连地图都没有，最差的一次游园。,差评
人人人，就是看人，入园要排近两小时，旅行团优先，不用排队。,差评
游玩了拙政园，赶到盘门景区17点30分，居然不让进，购票时也没见有时间限制,差评
一花园，人多，没啥看的，价格太高，里面很多卖礼品的，不推荐,差评
人太多太多，管理太乱，同程订票90元，门口有人兜售门票才40元。,差评
说杜鹃花节，却看不到几株。觉得票价高。还有在拙政园门口那条街到处有半价票的黄牛党。,差评
景区周边环境差，黑导游黑旅游公司多，拉客宰客！总体感觉非常不好！,差评
管理混乱，服务很差，门口附近很多“黄牛”，欺骗游客目的增加自己的收入。,差评
太过于拥挤，搞的没心情玩了，转了有三分之一就出来了。,差评
园子很大，性价比太差，90一张的门票确实卖的贵了，里面没什么值得一看的内容,差评
园子很大，性价比太差，90一张的门票确实卖的贵了，里面没什么值得一看的内容,差评
千万别买讲解票，坑，浪费钱，现场人那么多根本分不清谁是那个团队的。,差评
全是人，性价比好低的景点，苏州的园林都是又贵又无聊,差评
老年人在软件上买票没有优惠，比到门口买票贵一半，都不高兴退票了,差评
是和很多人一起听，不是单独讲解，没用，又不退款，不科学,差评
假曰没法去，人太多了。景区不知道控制人流，这一点扬州的景区做得较好。,差评
自驾游限行进不了景区怎么玩，**城市不知道怎么规划的！,差评
自己到售票处买票，跟本不需要这么多钱，被坑了！,差评
建议平时去，节假日人太多了，门票又贵，建议去狮子林看看,差评
不好用，应该主动提供路线出来才好，界面乱，不好用,差评
没什么意思。上来也没什么。,差评
**购票软件等满两小时后还不能使用，体验及其**,差评
网络订票时间与预订不符，到了那进不去，耽误时间,差评
**，及其**，等满两小时还进不去，吹半天风**,差评
一条竹林路，上山顶灰蒙蒙的，太湖看不见,差评
风景优美，适合带孩子出行,差评
景区在入园时间的管理上太欠缺，必须坚持按订票两个小时后才能进入，提前-分钟也不让进，而且天还下雨入园的人也不多，我足足等了一个小时才入园，以后再也不去了，不人性化,差评
玩了半天就出来了，开车进去要50元，一点不划算，一直都在爬山，车停下来，爬上去还要再下来开车。而且景点有点乱，标识不清。性价比不高，反正下次不会去了。,差评
临时决定去的，下午一点到，周围都没东西吃，餐馆都关门了，最后吃了泡面，，，，景区一般般，，进去就是都是台阶一路除了竹子都没什么可看，还不如景区外面的湖的风景，爬了一半坐车上山，山上就是个道观，，，没做好攻略，一家人都不信道佛的，所以比较失望。从道观看风景还不错。开观光车的那个人，冷着一张脸，一路疯狂开下山，上车的时候明明我们排在前面，后面的人都争座位，最后给我们一孩子两个大人的位置都是靠边不在一起的，而且空间位置不大，又拿着衣服什么的抱不了孩子，所以他一个人坐在我前排，孩子4岁，没有防护，一路猛开，，我很担心他，司机开到一半还拉人，问还有一个位置谁上，我们老妈又位置啊，他竟然让我把孩子抱一下，我快气**了，虽说孩子不收费是不给座，可有必要这样吗？周围人都说不要等了，现在很少一个人来玩的，司机才作罢又一路猛开，完全不顾及我家孩子，所以还是别坐这种车了，还不如坐大车，这种塑料膜挡着味道也很难闻，也看不清外面。还不安全。司机自己收钱，还不给票，下了车后又有人来收钱，怪不得一路开得像奔丧，想多跑几趟自己贪啊！很少写那么长，反正不会去第二次的地方。,差评
购买的山车，拿票的咨询过观光车可以无限次乘坐？但是坐车下山后，收车票的阿姨就把做观光车票没收了，说只能坐一次，再要坐上山就要出钱，对此非常不满,差评
看过评论，说的在同程买的票，过去验票不好弄，我确实体验到了，进口，保安说要去办公室验票，然后又去窗口，网络的订票，在窗口说不用在这里，然后帮忙扫了二维码，说可以，再去入口，还是要去办公室，连续扫码多次不成功，重新赖个人，要报号码，然后写上，出门去了，等着，过了一会，对讲机说，可以进入了！哎！！真累啊！去过后，，感觉不值，很多人都不是买票进入的！,差评
过年期间开车过去，道路两边停满了车，只能开车进去，山上停车费50元，比门票还贵，可见有多坑人。上坡还好饶着上去，而下山的路特别陡，还有好多急拐弯，新手开车怕晚了下坡不安全，什么都没玩，只能赶紧开车下去，所以买了两张门票基本什么都没玩到，冬天山上风景也不怎么样，觉得是最坑人的一次爬山。,差评
超级差劲！取票很方便，关键景区根本不在一个地方。先进的穹窿山景区。转完后就在景区里面找万鸟园，**活找不到。最后找到孙武文化园，卖票的说只能穿过文化园才能去万鸟园，否则就要回到景区门口。只能再买文化园的票进去，最后发现出了文化园还要走15分钟路。最后**的。万鸟园离穹窿山景区的停车场要走半小时路，草一天把老子累的。真坑。根就不是在同一个景区里面。。多走很多冤枉路。,差评
建议大家别来问题如下1、景区里面为山路带了宝宝根本寸步难行2、管理非常混乱景区标示不清在望湖园吃了饭出来看到标志说孙武园步行20分钟结果走到了2号停车场就没有路了一问才知道都是被标志坑了才走进来只好等观光车很多人窝在那边等车只有一个工作人员在那调度又说不用排队每次车来都是靠抢的上车等了5辆车以后还碰到一群宜信财富的人一大家子车子来了一拥而上不说一点素质都没有关键我还抱着孩子被他们家老头打了一下原因是因为我妈先上了车想把我手中的孩子接上车找他理论还说你们去投诉景区的确在外地人面前苏州的景区管理这么烂真觉得丢人这次出行相当失败买了三张门票居然就上山吃了顿饭还莫名其妙被宜信财富的人气着了那么大年纪了居然打一个孩子才18个月大的孩子关键他自己还带着一个孩子对了理论的时候工作人员呢？反正没人管,差评
景点还可以，保安素质太差，苏州也是大城市，希望可以招一些有文化的保安，反正太破坏自己城市的形象。,差评
不咋地！没啥看的，停车场没位,差评
在同程上定的票挺便宜的也方便，我要说的是景区一点都不值这个价钱，来了都后悔,差评
人多，杂乱，没处停车，山顶的素面还比较良心价。80元不值，下次不会来,差评
景色还行，管理差劲，就是因为本人手机遗漏在售票窗口了，急忙出了大门，就再也不让进了，给他们出示了当天的票据，同时在里面的家人都现身还是不行，硬性的又让重新买了一张票才让进，还叫嚣票据一次有效，问题是你门票又没有这样的描述，而且这种事要特事特办的，一点没有人情味，**要钱不讲道理，这样的风景就给你们这种管理人员给糟蹋了，作为苏州人为你们这种因为感到羞耻。03年来这儿玩的时候，民风纯朴，门票还便宜，现在呢？门票翻了八倍，买了门票进去还这个园要钱，那个园要钱，看到一个好一点的风景，才想走下去，别人就提醒我们下面的风景是要钱的，再结合我的亲身经历就是目光短浅，唯利是图，怪不得我身边的苏州人都是情愿去上方山，也不去穹隆山，原因出在这里。强烈建议换管理人员，否则只有两个字“糟蹋”！,差评
严重不爽中，1月9号去的，1月8号在同程订的穹窿山、万鸟园、孙武文化园套票，135一张，结果到了景点才知道这三个景点的套票现场卖120一张，可是已经支付了，有手续费不想退了，但心情受到了影响，不爽,差评
不太喜欢这里！景点少！还有些地方都有禁止游客入内，你说说我们花钱来这玩，有地方还不给进！我们花的钱是白花的呀,差评
景区周边车位较少，不建议自驾前往哦差劲，景区里面路线指示标志不清楚，很多人迷路。景区里很多都不让参观。以后免费都不会进第两次。差,差评
穹窿山是苏州最高的山，抱着很大的兴趣去游玩，没想到却是所有旅行中感觉最差的一次，主要问题是硕大的一个景区没有完整的指示系统，相关道路规划也很成问题。其次是车行道很窄，会车处没有明显的提示（箭头、路标、反光镜等等），孙武苑等景点没有很好的介绍和工作人员在现场。新建的上真观各路神仙、神兽造型怪异、施工工艺都很粗糙，制造厂家的联系方式硬生生的钉在雕塑上，很扎眼。不仅没有对道家文化进行很好的尊重与发扬，而且毁坏了整个景区的档次和品位。建议参照无锡灵山、常州天目湖等景点，进行细心系统的规划和管理，不要毁了这一方钟灵俊秀之地。,差评
我在网上订的是联票，我以为是万鸟园和孙武文化园都是在穹窿山里面的，谁知检票时才被告知万鸟园和孙武文化园在别的地方，完全是三个不同的景点，网上却沒有告知这一点。后来，玩穹窿山时，发现竟然全是爬山，累得半**，根本沒有什么看头，沒有任何特色，全是山树草之类的，这在任何地方都看得到，何必要老远，花这么贵的钱来买苦头吃。更糟糕的是，上山后，想坐车下山，却坐不到车。每个站点上都排着长得吓**人的队伍，车却很少，每辆又坐一点点人。自己走下山吧，又远得不得了，据说起码要走一个多小时。沒办法，我们只能等，等得心都要**了。就这样，时间被耽误了，再匆匆忙忙赶去万鸟园，晃了一下就只得马上走。再赶到孙武文化园时，都马上要关大门了，里面的那些景点房子全关门了。真伤心，135一张的门票，就这么样的旅游，完全是**。穹窿山还5a级，2a都不够格的，还不如万鸟园和孙武文化园。穹窿山沒有任何看头，建议大家不要去了，门口架式很好，里面啥都沒有，金玉其外，败絮其中。就爬爬山在哪都行，沒必要花那么贵的门票来这。很多来这的游客都是被广告忽悠来的，来过后直呼上当，真沒任何看头，却贵得要**。,差评
首先，刷码入园，没有换票，导致没有地图可以看。上山的路有点杂乱，尤其是道路标注模糊不清，看都看不懂！本以为就我一个人有这样的困惑，结果发现10个人有9个人要问咨询处的大爷孙武苑怎么走？这说明什么？说明景区的标示做的一塌糊涂，没有上下山路线标注，简直了！！！到了道观那里99%的人就迷路了！景区可以去那里随机采访几个人问问，看看你们的标示牌有没有人能看懂？从北门进，到了南门出来，孙武文化园就是个儿童游乐场，没其他好看的。本来到了南门我都打算打车回北门拿车了，最让人欣慰的是有免费大巴车可以去北门(但是路边也得标注一下吧，不问保安谁知道啊！！！标示牌那么难搞么？？？)一天下来，尽**绕路了5a你配不上！,差评
真的不值得啊，景色很一般，乾隆御道和一般有竹林的公园没什么区别啊，山中小溪都是干的，同样是夏天去年去的天目湖和杭州的山沟沟，溪水都给我们很好的体验，观光车说是几个停车点等打个电话就会来，可是就我们在6号点时他们不肯来要我们走到上真观那个点才接，苏州那天38度啊，又是1点啊，6号点那里都是无遮挡的山路走的差点中暑，幸亏中途遇到好心人载了一程，印象就更差了。唯一要赞的是孙武苑那家饭店，手艺不错性价比极高，老板娘推荐我们夏天吃鹅，那个汤真心鲜美肉质煮到正好，小孩吃了好多块,差评
真的不值得啊，景色很一般，乾隆御道和一般有竹林的公园没什么区别啊，山中小溪都是干的，同样是夏天去年去的天目湖和杭州的山沟沟，溪水都给我们很好的体验，观光车说是几个停车点等打个电话就会来，可是就我们在6号点时他们不肯来要我们走到上真观那个点才接，苏州那天38度啊，又是1点啊，6号点那里都是无遮挡的山路走的差点中暑，幸亏中途遇到好心人载了一程，印象就更差了。唯一要赞的是孙武苑那家饭店，手艺不错性价比极高，老板娘推荐我们夏天吃鹅，那个汤真心鲜美肉质煮到正好，小孩吃了好多块,差评
去之前网上看过烧烤园的收费，2013-11-24的帖子有写10块钱一个小时，押金100；我们是7个大人（其中只有2个男的），4个小孩（吃的都是另外带的，没吃烤的），租了2个炉子（圆的炉子，炭不多），给了老板200块钱，我们就开始烤了，烤了没多久就发现炭火已经不行了，都发白了，这时我们都还没吃饱，就说去加个炭，结果，老板说加一份炭要30块钱，那也只能加了呗，总不能饿着肚子回来吧，郁闷的是加的炭也是这样，烤了三炉就又是白的了，无语啊，之前没吃饱的，也吃不多了，就说不烤了，就去结账，结果老板来了一句，就是100块钱一个炉子，不是押金......................后来在边上说话的时候，就问了工作人员，一直这么贵吗？人家说不是，就今天搞活动，才这么贵的。再问平时多少钱的时候，人家就不肯告诉我们了。,差评
去之前网上看过烧烤园的收费，2013-11-24的帖子有写10块钱一个小时，押金100；我们是7个大人（其中只有2个男的），4个小孩（吃的都是另外带的，没吃烤的），租了2个炉子（圆的炉子，炭不多），给了老板200块钱，我们就开始烤了，烤了没多久就发现炭火已经不行了，都发白了，这时我们都还没吃饱，就说去加个炭，结果，老板说加一份炭要30块钱，那也只能加了呗，总不能饿着肚子回来吧，郁闷的是加的炭也是这样，烤了三炉就又是白的了，无语啊，之前没吃饱的，也吃不多了，就说不烤了，就去结账，结果老板来了一句，就是100块钱一个炉子，不是押金......................后来在边上说话的时候，就问了工作人员，一直这么贵吗？人家说不是，就今天搞活动，才这么贵的。再问平时多少钱的时候，人家就不肯告诉我们了。,差评
大家爬爬山什么的就可以了，但是到了山顶有很多殿，进入拜拜就可以了，千万别跟着那些道士让他带你上二楼给你算卦，一开始会给你免费讲解，然后让你求个签，再让你去解签，说10元钱，等你解签完就会让你在一本本子上写上你的名字，然后就会让你付钱了，还是付两次，会说写个两个399元，两个699元，两个999元随你！**，讲解两分钟比抢银行还快！我反正是给了不少钱才脱身！！！打着自愿的旗号，我想问下这是自愿？？？劝大家千万别再上当了！我觉得景区应该自身也管管，这种东西本来就是心诚则灵，别搞得那么商业化了！,差评
去之前网上看过烧烤园的收费，2013-11-24的帖子有写10块钱一个小时，押金100；我们是7个大人（其中只有2个男的），4个小孩（吃的都是另外带的，没吃烤的），租了2个炉子（圆的炉子，炭不多），给了老板200块钱，我们就开始烤了，烤了没多久就发现炭火已经不行了，都发白了，这时我们都还没吃饱，就说去加个炭，结果，老板说加一份炭要30块钱，那也只能加了呗，总不能饿着肚子回来吧，郁闷的是加的炭也是这样，烤了三炉就又是白的了，无语啊，之前没吃饱的，也吃不多了，就说不烤了，就去结账，结果老板来了一句，就是100块钱一个炉子，不是押金......................后来在边上说话的时候，就问了工作人员，一直这么贵吗？人家说不是，就今天搞活动，才这么贵的。再问平时多少钱的时候，人家就不肯告诉我们了。,差评
去之前网上看过烧烤园的收费，2013-11-24的帖子有写10块钱一个小时，押金100；我们是7个大人（其中只有2个男的），4个小孩（吃的都是另外带的，没吃烤的），租了2个炉子（圆的炉子，炭不多），给了老板200块钱，我们就开始烤了，烤了没多久就发现炭火已经不行了，都发白了，这时我们都还没吃饱，就说去加个炭，结果，老板说加一份炭要30块钱，那也只能加了呗，总不能饿着肚子回来吧，郁闷的是加的炭也是这样，烤了三炉就又是白的了，无语啊，之前没吃饱的，也吃不多了，就说不烤了，就去结账，结果老板来了一句，就是100块钱一个炉子，不是押金......................后来在边上说话的时候，就问了工作人员，一直这么贵吗？人家说不是，就今天搞活动，才这么贵的。再问平时多少钱的时候，人家就不肯告诉我们了。,差评
名气是很大，所以珍藏着这一景点一直未去，这次趁中秋放假，想仔细游玩一下。有些失望，景点导游图，不准确，勾画的非常随意，容易引起游客的误解，有些景点又不能上去，如：吴中之巅，遗憾！从孙武苑有路径可以到望湖园，若走，有门说你是出景区了，所以只好原道返回，经孙武苑-上真观，再到。其实，望湖园与上真观是紧邻的，但是导游图上标示是距离较远，真是坑人啊......，枉走了好多路，做了好多无用功。,差评
去之前网上看过烧烤园的收费，2013-11-24的帖子有写10块钱一个小时，押金100；我们是7个大人（其中只有2个男的），4个小孩（吃的都是另外带的，没吃烤的），租了2个炉子（圆的炉子，炭不多），给了老板200块钱，我们就开始烤了，烤了没多久就发现炭火已经不行了，都发白了，这时我们都还没吃饱，就说去加个炭，结果，老板说加一份炭要30块钱，那也只能加了呗，总不能饿着肚子回来吧，郁闷的是加的炭也是这样，烤了三炉就又是白的了，无语啊，之前没吃饱的，也吃不多了，就说不烤了，就去结账，结果老板来了一句，就是100块钱一个炉子，不是押金......................后来在边上说话的时候，就问了工作人员，一直这么贵吗？人家说不是，就今天搞活动，才这么贵的。再问平时多少钱的时候，人家就不肯告诉我们了。,差评
大家不要被骗了，上去后汽车还要交交通费50元不合理的收费。我要投诉他们，景区工作人员粗鲁无理，打人还不承认不要脸的态度，记忆深刻,差评
去之前网上看过烧烤园的收费，2013-11-24的帖子有写10块钱一个小时，押金100；我们是7个大人（其中只有2个男的），4个小孩（吃的都是另外带的，没吃烤的），租了2个炉子（圆的炉子，炭不多），给了老板200块钱，我们就开始烤了，烤了没多久就发现炭火已经不行了，都发白了，这时我们都还没吃饱，就说去加个炭，结果，老板说加一份炭要30块钱，那也只能加了呗，总不能饿着肚子回来吧，郁闷的是加的炭也是这样，烤了三炉就又是白的了，无语啊，之前没吃饱的，也吃不多了，就说不烤了，就去结账，结果老板来了一句，就是100块钱一个炉子，不是押金......................后来在边上说话的时候，就问了工作人员，一直这么贵吗？人家说不是，就今天搞活动，才这么贵的。再问平时多少钱的时候，人家就不肯告诉我们了。,差评
去之前网上看过烧烤园的收费，2013-11-24的帖子有写10块钱一个小时，押金100；我们是7个大人（其中只有2个男的），4个小孩（吃的都是另外带的，没吃烤的），租了2个炉子（圆的炉子，炭不多），给了老板200块钱，我们就开始烤了，烤了没多久就发现炭火已经不行了，都发白了，这时我们都还没吃饱，就说去加个炭，结果，老板说加一份炭要30块钱，那也只能加了呗，总不能饿着肚子回来吧，郁闷的是加的炭也是这样，烤了三炉就又是白的了，无语啊，之前没吃饱的，也吃不多了，就说不烤了，就去结账，结果老板来了一句，就是100块钱一个炉子，不是押金......................后来在边上说话的时候，就问了工作人员，一直这么贵吗？人家说不是，就今天搞活动，才这么贵的。再问平时多少钱的时候，人家就不肯告诉我们了。,差评
实在没有什么景点，就只是爬爬山而以，花50元门票太不值了，还不如去天平山呢，人也少，就只有几个团体车，没什么人。,差评
留苏人员说可以免费预约，但是我们约了好几天都约不上，我以为只是个人原因，到了现场才知道，大部分人都没有约上，都要现场买票。这是典型的打政策擦边球！,差评
这什么鬼地方，山路都找不到的，门口么臭的要**，门票么80连个问路人也没的，走了大半天都没找到山路我也是无语了,差评
没啥人气、且门票价格太高了，如果开车进去竟然要收50元停车费，简直是坑爹，抢钱啊！,差评
"一塌糊涂，山不在高,有仙则名.，想去山上道观游玩，弄了半天爬上去还关闭了，骗人！早跟我说道观关闭了，十元我都不想去…",差评
穹窿山很大，上山累得半**，沿途标志太少。中途实在太累了，正好遇到上山的车，就坐车上山了。谁知到山上后想下来时，却下山的车少之又少，而且每一辆只能生一点点人。所以排队等车的人很多很多，我们等下一个多小时多沒等到。整个穹窿山也沒什么玩头，就山顶上有几座道观的房子，其他土祠堂、孙武苑等等，根本沒任何看头，真奇怪，这样的景区怎么会是5a级。,差评
停车场很小，没有位置停只能路边找车位，离门口很远。进去之前还各种码和查核酸我觉得很烦，里面也没啥好玩的，导游图完全看不懂，出来到了南门那个免费景区车牌子标识不清楚让人摸不着头脑，很多人不知道免费的景区车能不能去北门很多人都打算跟公交车了，都问公交车司机怎么坐车，反正就是感觉不好玩而且乱糟糟的，配不上五星,差评
风光不错，很值得去，但上真观里的三清观里面参观的时候道士会主动热情的带着你上二楼，抽签，解签，解完后拿出本子要你认捐香火和敬佛两项，还以道士以99为最，必须要几百99，非常过分，无奈只捐了2个99，多出的两块钱算是打赏的了。建议去玩的时候要注意避开。。,差评
昨天早上下了大雨湿淋淋的呆在站台等车本不想过去的后来还是挣扎了半天过去了但如同天气一样的大失所望说真的这是我玩过的景点中最差劲的一个整体非常糟糕只有一丁点的御道可以走走其他的一点都不好玩找景点找个半天而且昨天还没有浏览车全是走的建议有时间到其他地方玩,差评
什么乱七八糟的景点，一塌糊涂，这个价钱实在是太不值了，一点都没劲。,差评
我上午订好，高速路上堵车，怕耽误取消了，快到中午的时候，才来到。可是前一个订单退款，竟然说保险不给退。这个订单又收了一次保险，我想问同程，你们到是发个提醍给我啊，问客服就是一句不能退。你们这是有多坑爹。既然订单取消了，那对应的保险不是也应该无效吗？重复2次收取。以后再不用你们的app，连个提示都不给。钱不多，可是很伤人。,差评
穹窿山的前台服务人员态度之差，见所未见，闻所未闻，到底是国企，哎。。。,差评
感觉相当的坑，进去没什么玩的，坐个观光电瓶车就真的只是兜一圈，而且还挤得不得了，下山时坐电瓶车都没个管理的人，卫生情况也差,差评
在苏州这个地方来说，穹窿山算是好山了。山体延绵，郁郁葱葱。但开发得实在不行。路程中指示牌好少。我们下山时走的大路，最后居然是不通的，白走了不说，还得原路返回。也就是说上山下山只有一条路。门市价80的门票，感觉不值啊。,差评
真的只是去爬山，没有特别惊喜，从木渎地铁站出来等64路公交车花了近1个小时，车站环境很差，车上很挤，不值门票价,差评
这地方樱花没有，旅游景点一般，也没什么服务，就是卖了门票赚钱,差评
现场确认订单同程网络上不上去。最后只能现场买票。没有享受到优惠。下午4点多到家想取消订单，但显示是订单完成。现场支付了。我很奇怪。,差评
穹窿山再无真道士！有玉皇大帝的那个三清观千万别去，求签后解签被骗600元，现在看来道士都是假的，应该都是外面雇的！已经严重损害穹窿山，甚至道教形象！建议新闻夜班车去暗访取缔！,差评
同程网上购的票，进景区时正门不让过，让走侧门进。,差评
什么呀，室内全都不开放，但票价还是照收不误，可恶,差评
同程的用户体验还是非常好的，只是景区非常，非常不值这个票价，非常普通的小山丘，景色也没有什么特别之处。,差评
门票不值80怎么不去抢，一路上山完全无景点感。不如小县城的一座免费山头,差评
"孙武的茅草屋还可以,但是道观那边没什么景点,问路的时候被道士忽悠了二百块,人家讲的那水平,不给还不行的......总结:离道士远点",差评
同样一起买票，一张可以进，一张要两小时后入园，后来关照会员价的退了，买原价可以直接进！价格不同就区别对待，就是为了多賺钱，,差评
景区空气清新，绿意盎然，锻炼休闲是好地方.可是对于旅游内容贫乏，三清观里道士热情地引导游客被动认捐三百以上，更是让人有被挨宰算计的无奈.提醒游客们注意，不要进三清观参观！,差评
不值这个票价，景色特别一般，还没有天平山好，一路向上全是竹子别无其它，还要个大的寺庙,差评
花八十去哪里一点意义都没有除过山就是寺庙，本以为跟万鸟园通票结果需要另买票坑的一逼,差评
最高峰上不去，啥军事重地，这不坑人吗？门票根本不值这个价，就是被骗了！！怪不得人都没几个,差评
真心的太坑爹了，没有景色又没好看的。就看顶上的寺庙。靠,差评
现场没有售票人员，老年人特别不方便，信息化发达的同时，不能唯信息化而抛弃服务的本质,差评
一块钱看上去便宜。可是下载那个app后可以免费使用手机导游。你赚个推荐钱么，同程,差评
80元太贵了，就是爬山嘛，这个票价有点高。坑老百姓。,差评
感觉性价比不高，风景也不算非常美，皇帝估计专门来烧香的,差评
景区周边车位较少，不建议自驾前往哦,差评
这样的景不值这个票价，客官们慎入,差评
好不走心的景点，门票真是虚高，不建议去,差评
带了烧烤架却只能重新租用景区里的，不爽,差评
纯粹里面里面是一步步被假道士骗去求签，竟然要钱最少骗捐399，说随缘没带那么多钱，竟然还不要脸的说你们一家人凑凑吧看能凑多少钱，多**恶心，去拜拜可以的很好，就是别听那么道士的假货,差评
价格太贵，山顶还是蛮大的,差评
体验差得很……，，，，，，,差评
票价有歧视，设置多种票价,差评
去过天平山灵岩山，穹窿山是最差的，免门票都觉得浪费油钱,差评
免门票去都觉得浪费油钱,差评
就是普普通通的山，跑了好长时间也没怎么玩的,差评
没什么景点，没意思，就一个山上一个庙而已,差评
体验感太差，彩虹跑到也没有,差评
同程网上购票，景区正门不让进，却要走偏门。,差评
服务态度不好环境差味道很浓,差评
不好玩，山上没什么好玩的。不推荐大家去玩。,差评
没劲的，适合年纪大的人去爬爬山，年轻人去太无趣了,差评
不早点讲，刷了票之后说要暂住证，不然就再补票，退不了钱,差评
景区内工作人员服务一般般，很平常的游玩体验,差评
**，非得一人一机入园，老年人谁会用这种高级手机，短信验证不就行了么，现在长辈大部分都还用的是那种简单的非智能机，没法装软件的。说实话给他们装上了会去仔细研究的也没几个，这种只适合年轻人。,差评
就是停车场服务差，没服务意识。,差评
这么烂的山景区门票还68撑**8元,差评
门票太贵了，这个价钱不适合,差评
此门票一点点都不划算。我真不知道怎么去评价。,差评
景区不错。就是景点太少，门票有点小贵,差评
真的不好玩，所谓的5a，假的吧？真的不推荐。就是几个寺庙，啥都没有。三个小时玩完。上山楼梯带斜坡，老人小孩慎重考虑!还有救就是门票价格。说真的，30块钱差不多。。。。这次感觉非常差劲！,差评
游玩的很开心，下次还会来预订的,差评
同程订票**贵，穹窿山要80元，其他平台68元，真是操蛋的，果断卸载，劝大家以后不要订了，图片还**限制不让上传不知是几个意思,差评
一点都没意思，根本就没什么东西，就一条山路爬上去就好了，什么都没有，纯粹就是让你知道你爬过山了,差评
山顶道观，以抽签解签为名，强行诱导捐钱，最少399，大部分是699，也有上千的，不捐就以家人的幸福平安，小孩的健康快乐威胁，逼人就范！,差评
什么嘛？打开链接根本就是黑屏，等好久还是没反应。后来跟着三三两两上山的人群爬上山去了，花了5元冤枉钱,差评
山顶道观，以抽签解签为名，强行诱导捐钱，最少399，大部分是699，也有上千的，不捐就以家人的幸福平安，小孩的健康快乐威胁，逼人就范！,差评
一点也不好玩，门票还那么贵，非常不值得！,差评
啥好玩的了，一路上就是环境还可以吧，不过不好玩的,差评
孙武文化园需另外购票，山太矮，适合一家人登山,差评
我觉得景区没什么景点，还不如灵岩山,差评
强制填报私人信息，这算什么服务呢？,差评
去时好多的佛像都在装修环境不是很好,差评
景区门票价格有点贵，不过总体玩的不错,差评
景区比较乱，没有什么好玩的景点,差评
要核酸72小时，进不去。态度不好,差评
景区很大，同程取票很方便,差评
景区门票价格有点贵，不过总体玩的不错,差评
**！破服务破人什么都破,差评
景区很好玩，有山有水。秋天去会更好。,差评
没什么好玩的，很矮的小土丘，景区小的可怜！,差评
景区门票价格有点贵，不过总体玩的不错,差评
设施没开放，没有玩点,差评
收票处太麻烦，态度不友善，很不爽。,差评
本来以为5a景区还不错，结果发现毫无特色,差评
网络买票还规定两小时后入园，那为什么原价的立马就可以入园？就是为了多賺钱！,差评
孙武博物馆都没开，没有提前说明，门票不太值,差评
跟网上说的差远了一点玩的地方都没有,差评
实在是一个坑爹的景点，没什么好玩的,差评
没啥服务，态度差，啥也没有,差评
人多，景点里没什么看头，还要小心道士算卦骗钱。,差评
差劲，服务不怎的进的时候乱了套,差评
一个荒山上的一座破庙，门票还这么贵。真心不值。,差评
一点也不好，没有什么景点，也没什么好玩的,差评
游玩很满意，可玩性很高，还会再来体验的,差评
要我在外面等一个小时，说网上订的票要提前两个小时，否则不能生效。,差评
坑爹的，订票不说要核酸，到了没核酸不让进。,差评
不是有个什么鸟园吗。鸟呢。被你们烤来吃了吗。,差评
网上订票居然不能通行！要让你买全额票！不给优惠，就不要放网上！,差评
山上什么也没有，洗手间都找不到，还5a，1a不a的,差评
本想不用付现金，给我推荐这个，搞半天还是得付现金,差评
一点也不好玩，跑这么远的路。,差评
**同程，忽悠人，骗人去,差评
变态的管理者胡乱拿国家政策压制顾客里面什么都没有,差评
说的免费，不免费，坑人,差评
没啥好玩的。。。。。。。。。,差评
说好的彩虹跑到却没有,差评
买贵了……还没有现场买的便宜....,差评
贵了……还不如现场买便宜......,差评
去了请勿抽签，要上当的哦,差评
里面什么都没有，图片中全是骗人的,差评
还没有建设好，和宜兴竹海差多了！,差评
王王王王王王王王王王王王王王,差评
燎用也没有，差差差！,差评
搞的复杂，不人性化，**贵,差评
耽误事，根本出不来二维码,差评
去**的还不能少于十个字？,差评
进去了哪个管都没开，,差评
啥啥啥没有设备太陈旧感觉很荒凉,差评
真的不怎么样，没啥好看，就像一个工园,差评
没什么看点，服务态度不好,差评
进来竟然不能退款辣鸡,差评
大家千万不要求签，除非你钱多。n,差评
不值不值得花多少钱买的,差评
可惜啊！下大雨没去成！！！！！！！！,差评
短信问题始终没有解决,差评
浪得虚名，名不副实！！！,差评
什么都没有，图片中全是骗人的,差评
买票后两小时才能进！！,差评
差评不是给同程的，是给景区的，我真不知道5a是怎么评出来的？80的门票？说实话，也就值10块钱最多，一条山路爬山去，啥都没有看的？告诉我上面有什么风景？一条山路上去一条山路下来？玩了这么多地方，没见过这么差的！圈一座小山头，收费80一位？你咋不去抢呀？,差评
"首先感谢上苍的眷顾，我还能活着从山里回来给这个景点深深的差评。1，首先从景点景色上来说，5a的景点，苏南第一高山，但是事实却是到处青竹大树，请原谅我的粗俗，我觉得这个跟普通的野山也没什么区别，就因为苏南第一高就让这个山根普通的野山区别开来了？2，从人造景点来说，除了那些竹子就是这些人造景点，说实话人造景点真的是很很恨很一般，比较雄伟的只能是那个道观，但是一个道观就值80？灵岩山上的寺庙几十年也还是1块。3，看完道观往后面走还有些野路野亭阁，因为下雨天山里水雾很大，路边牌子也没看清就不知不觉的走到了里面的军事禁区，我们还是走了很久才发现好像走进了不得了的地方才赶紧回头的，要是我们就这么被抓去蹲局子了，还被没收了手机和相机，还被罚款什么的怎么办？我们只是来散心旅游的游客啊，谁来赔偿我们这普通百姓的损失和心里压力啊？4，去过孙武苑之后已经快4点，跟着指示牌走的下山方向结果却在山路上还在不断的往上爬，冬天过了5点天就基本黑透了，下雨天景区里人本来就很少，过了4点半之后基本就一个人都没看到了，此时我们又冷又饿又累，还下着大雨，一种前所未有的恐惧感涌上心头，山路还那么的湿滑，所以心想赶紧回头走平坦的大路，硬压着心头的恐慌一步步的沿着山路往下走，找到一个路牌，拨打上面的观光车电话，打了十几遍没人接，打上面的救急电话，关机。打上面的客服电话，打了4,5遍终于出现个慵懒的男声，只回答找个公路沿着走，无奈挂机后只能赶紧找个公路然后沿着公路走，估计下班了，你就算腿断了也没人会来接你，此时已经接近6点，山里一下雨就都是水雾，看不清路牌，只得慢慢的走，注意着路边的牌子，到我们最后终于找到出去的大门时已经整整又走了1个多小时，人基本是处于虚脱状态的，看到大门的那一刻根本是高兴不起来的，这个鬼地方天黑后就连车都好叫。最后总结下这趟旅行的感受：恐慌，无助，不值。同时也给未去这个地方的游客一个忠告:1，下雨天就别去这种地方了，人太少想问路都难，山路湿滑容易滚到山底。2，记得带补充体力的食品和水在身边。3，在自己无助的时候不要指望景区管理处会救你，根本没人鸟你，只能自己救自己。4,5a景点，苏南第一高山，但是真正高的地方其实是被划为军事禁区的，一般游客能到的都是半山腰，基本没什么好看的好玩的，山路湿滑，迷了路，没人救援而送了命就真的不值了.5.不要去，有毒，狠毒狠毒狠毒。",差评
"太烂了,之前在同程订票,取票都很方便的,这次是我遇到最不愉快的一次,不给差评都心里过不去。之前去的很多景点都有自动取票机,这边没有,问了售票处的工作人员说去大门那边刷二维码,去了大门,哪里有什么刷的,保安让报订单号,报了几遍,说刷出来,没这订单号,好了,又跑到售票处工作人员说已经验过了,这是几个意思啊,又回到大门处。刷二维码的机子不应该就在大门口吗,来回让我跑折腾。亏我这么信任同程,没想到这次遇到这样的服务,相信不是同程的问题,是他们旅游景点售票处的问题,但是我觉得同程可以和他们沟通下,避免再有这样的事情",差评
本来说在穹隆山大门口，换取三个地方的门票，但是同程工作人员说，直接看验证码就能进去，可是每到一个景点就要花很长时间验证。最不开心的是到了万鸟园门口，那个时候4点10分，说是验证码和二维码不能刷，然后跑到旁边换票，同程工作人员说他们下班了，既然不是所有检票口都可以刷验证码或者二维码，那为什么一开始不都给我们换成票呢，而且只讲了穹隆山是到4点30下班，并没有提醒说别的景点的时间。这两点非常不满意。不过5a级景区景色还是不错的，适合徒步。,差评
太差了，太差了不值得去，就是爬山。彩虹跑到也是虚假，虚假宣传,差评
太差了，门票那么贵，除了爬山，啥都没有，就是一半的价钱我觉得都不值,差评
对不起要给个差评，但这个差评不是给穹窿山的，而是给上真观的---骗捐。本来带着一颗虔诚的心去拜教，可是无心之中被那些假道士半推半劝的骗卷了三百元。钱虽然不是很多，但是给人一种很恶心的感觉，让这些老鼠屎毁了太上老君他老人家的名声，毁了道教在国人心目中的形象。为什么说骗捐呢？到二楼抽签后，开始要我们捐钱时，故意给我们看的都是别人捐的999之类的，还口里说随自愿。我说我没带钱，道士说少捐点，我说一百吧，道士说五百吧，我说真没钱，道士又劝三百吧……就这样一直尽量往高了劝，骗了我三百元。想问一下真正为世间排忧解难的道观，寺庙就是这么骗人香火钱的吗？政府就不管吗？难怪周日香火都那么差。下次我也不会再来，在这里警告大家不要上当，穹窿山可以去，这个上真观最好别去，去了的话，看见主动向你介绍的道士千万别理他。,差评
服务态度太恶劣，进来的入口上空气一股恶臭,差评
买了14张，不能单独退票，浪费了两张，差评,差评
怎么同程窗口只有一个，不满意,差评
上面寺庙不开门，上去了没有一点意思，必须差评,差评
实在没意思，以后不去了,差评
