按导航的来，车是开到售票处换票，坐景交，自己不能开到景区门口的，路窄又险。自己的车停在停车场，注意，可以停下室内停车场，退售票点的楼下。共三个景点，白马瀑比较好，景色宜人，因为最近天气有点雨，所以瀑布还是挺大的。景区内有缆车，70无来回，因为不太长，另外山也不太陡，建议不坐，边看景边上下山。当然，你懒又有钱，那坐坐也可以。到了顶，再回下来，就会走水泥栈道，这里站得高，心情舒畅的。第一个景点结束，第二个景点剑门关，就是那河边走走，看看碧水，说是小九寨，啊这？当时散步了。第三个景点与第一个就重复了，大家觉得没什么劲了。到最后一个屋前，就可以左转过桥，等景交回去了。那个革命纪念里，没什么东西。浙西，浙北，夏霖等，景色也没多大区别，就是大石头，水流，瀑布，大同小异。下次要找名山大川了。,好评
非常棒！空气好，景色美！,好评
风景还是不错的，空气新鲜，山水清澈透明，我们是6月初去的，枯水期，瀑布干了，没有看到雄伟壮观的景象。自驾到游客中心，目前有免费停车场。然后做景交上山，自己开车上去比较危险，分四个景点，尤其第一个白马崖开山路车是比较危险的，它是最远的一个点。最坑爹的是跟前只有一个山庄，就是吃饭带住宿，150的套餐非常难吃，菜都是冷的，景区里面有吃的就是平时常见的烤土豆等，可以到景区里面吃点都比门口那家山庄好吃。进去白马崖景区，玩的时间也算最长的，3个小时左右吧，景区是爬山的，绿树成荫，可以避暑，山水相连非常清透，累热了可以玩水去热，山上的九龙瀑布非常小，有些失望。上山固然很累，下山建议不需要做缆车之类的，下山路修的不错，很好走，而且一路可看风光，走走停停看看。第二个老堆溪是非常差的一个小景点，基本可以不去，因为里面本来有个吊桥但是停用了，又修了个吊桥是拓展训练活动的，收费才能玩，里面转一圈半小时就出来了。第三个剑门关，去附近找住宿，推荐苗苗山庄，环境卫生还行，还包两顿饭，老板娘热情，厨艺好，吃的挺满意，比起之前白马崖那家山庄不知道好多少倍。第一天旅行结束休息，中午到的景区算是玩了半天。第二天去了剑门关，也不错，景区有高空表演，其他也是自然风光，大概2小时玩完，因为天气降温也没有玩漂流，漂流要加钱的。第四个柘林瀑，枯水期瀑布干了，只有个小瀑布而已，基本一两小时结束行程。感受：依山傍水特别舒服的自然景观，景区都不算大，但和门票价格比也算划得来。,好评
自从买了车，每年的春节就会全家出游，我们出门旅游最信任的就是同程旅游，不光可选择的景点和套餐很多，而且每年的春节都会推出优惠的活动。让会员们花最少的钱玩得最开心。春节的第一站是“浙西大峡谷”浙西大峡谷被誉为“华东第一旅游峡谷”，又有“浙西神农架”之称。吃过中餐出发大约三个小时的车程就到了，事先约定好了的民宿离大峡谷很近，而且还会有景点的班车接送，非常方便。第二天一早就出发了，山里的空气好清新，水清彻见底，走个十分钟就到了游客集散地，用二维码验证领取了门票，凭门票坐景区巴士（景区共有四个，相互之间隔得比较远，山路不好开，建议都坐景区的巴士更节约时间，也更方便）我们去的时候白马崖因为结冰不开放，实际只游了三个景区，可游览景点是柘林瀑、剑门关、老碓溪，有点遗憾，据说白马崖是最好看的一个景区，最好的季节是6-9月，还能玩漂流，冬季去很多河源都干涸了，露出了河床，倒也别有一番风味，最有特色的是在剑门关有农家榨油、推磨、踩水车（因大峡谷为是过年，没有工作人员在，）是城市的小朋友第一次看到，还尝试着推磨玩得不亦乐乎，老碓溪有不少的水上活动项目，有点小刺激，小朋友是来回玩了几趟。本人认为在淅西大峡谷玩还是要请个导游，因为自己玩有些美景都错过了。如听涛观瀑、竹排戏水、骑马登山、水牛接龙、悬桥探高、训鹿喂蜂这些景点也许错过，也许看了不知所以。但山青水秀、奇峰秀瀑、危岩陡峭，山里清新的空气，还是让我们感受到了大自然的美丽。希望下次还能再去看看。,好评
29日上午9点从上海出发，经过杭州绕城高速时车速象蜗牛比较堵，到了下午2点多才到达目的地，找了一家农家乐住下了，晚上在同程网订了票，第二天早上8点多到游客中心换了票，大峡谷一共有四个景点，去各景点有专门接送的免费中巴，去景点的路比较窄又急弯，那车开的让我胆战心惊，作为我二十几年的老司机有点后怕。十几分钟的路程到了第一站，四个景点其中一个比较小半小时不到就玩完，最后一个柘林瀑景区比较失望，说是瀑布景区但是还是看不到水，可能是冬天的原因吧，总体感觉还不错。全程游玩到下午两点多结速。2点半上高速返程回家。,好评
风景还是不错的，空气新鲜，山水清澈透明，我们是6月初去的，枯水期，瀑布干了，没有看到雄伟壮观的景象。自驾到游客中心，目前有免费停车场。然后做景交上山，自己开车上去比较危险，分四个景点，尤其第一个白马崖开山路车是比较危险的，它是最远的一个点。最坑爹的是跟前只有一个山庄，就是吃饭带住宿，150的套餐非常难吃，菜都是冷的，景区里面有吃的就是平时常见的烤土豆等，可以到景区里面吃点都比门口那家山庄好吃。进去白马崖景区，玩的时间也算最长的，3个小时左右吧，景区是爬山的，绿树成荫，可以避暑，山水相连非常清透，累热了可以玩水去热，山上的九龙瀑布非常小，有些失望。上山固然很累，下山建议不需要做缆车之类的，下山路修的不错，很好走，而且一路可看风光，走走停停看看。第二个老堆溪是非常差的一个小景点，基本可以不去，因为里面本来有个吊桥但是停用了，又修了个吊桥是拓展训练活动的，收费才能玩，里面转一圈半小时就出来了。第三个剑门关，去附近找住宿，推荐苗苗山庄，环境卫生还行，还包两顿饭，老板娘热情，厨艺好，吃的挺满意，比起之前白马崖那家山庄不知道好多少倍。第一天旅行结束休息，中午到的景区算是玩了半天。第二天去了剑门关，也不错，景区有高空表演，其他也是自然风光，大概2小时玩完，因为天气降温也没有玩漂流，漂流要加钱的。第四个柘林瀑，枯水期瀑布干了，只有个小瀑布而已，基本一两小时结束行程。感受：依山傍水特别舒服的自然景观，景区都不算大，但和门票价格比也算划得来。,好评
看到同程的票含景交就买了，以为是景点里面的交通，自驾去的，才发现大峡谷有四个景点，景交是从游客集散地到四个景点的交通，自驾也可以，害我浪费了钱，再说景点去的时候就我和老公，景点白马崖都没有检票的，直接进去了，觉得又浪费钱了，白马崖还不错，爬山的，没人也就没索道，景色不错，景点内的项目都没有，就是纯看景色，爬山走路,好评
130的门票是很公道了，四个景区，中巴车来回接送，成本比一些漂流肯定是高多了。最远的白马崖景区还是可以的，不负浙西大峡谷的名声，山谷内树荫很多，是个避暑的好地方，周日下午人也不是太多，感觉非常棒。柘林瀑就差强人意了，还好我们是第一站就去的这里，作为一个热身吧！另外两个景点因为时间和行程安排原因没有去，听说老碓溪景区是孩子们玩的项目，剑门关是漂流，但是这几年其他地方开发了很多更刺激的漂流，显得这里的漂流项目就不好玩了。峡谷风光确实不错的,好评
春节特惠6折的门票，真心便宜好多，同程网订单取票很方便，虽然是冬天没什么水，剑门关景区也没开，风还特别大，不过玩的还算开心，冬天的峡谷也别有一番景致，峡谷下周边的农家乐也很好吃而且不贵，夏天的时候会再来玩漂流,好评
暑假期间一直想出来游玩，天气太热加上假期有限，就选择了浙西大峡谷两日游。在同程上定了酒店，我们住的是浙西大峡谷假日酒店，我不喜欢民宿，一个安全还有卫生。我们早上七点多从无锡出发，以为三百公里的路程，最多三个多小时就到了，路上堵车加上下雨，开了将近五六个小时，到了地方就十一点多了，然后就在酒店餐厅吃了饭，味道还不错。价格也算合理，饭量也比较足。吃了饭，我们就去了最远的白马崖。那里风景真的不错，空心清新，风景优美。第二天，我们又去了剑门关，就在酒店附近，里面有表演，还有晃桥，然后又玩了漂流，总体还不错。,好评
我们姐妹几个为了去这里来回做了差不多八个小时的车吧！去了那里检票却不行了，说网站打不开害我们走等了一会，四个景点我们就去了一个最上面的没有走完，本来想走到最上面的就是在半路的时候看到了一条蛇，吓得都不敢走了！只好回头了！然后又去漂流了！漂流就一会还没玩的尽兴啊！不过这里面的小吃东西都还蛮实惠的，我们一人还买了一个帽子十块钱一个，走着蛮减肥的，玩的也蛮开心的，就是我们是自己坐车去的还蛮累的，建议大家要么开车要么跟团去吧！到那里的交通还是有点不方便的！最后说句这里的风景真的蛮好的！我们拍了好多照片都蛮好看的！,好评
还行吧，四个景点只玩了两个就到下午3点了，从早上9点开始进去的，主要小孩耽误的时间长，整体感觉还可以吧，不能算好，吃饭本地人讲浙西大峡谷是最差的景区，只是浙西的名气最大。个人感觉大峡谷应该像天目大峡谷那样，浙西应该改叫浙西山之类的合适。另外，plus会员只能买一张门票，哎，不爽，而且预订界面显示付100元，但一到支付页面就成了130元，发生了两次，联系电话客服，电话客服让我联系人工客服，联系了人工客服后又说待会会有电话客服联系我，电话客服联系我后又让我联系人工客服，妈的，这处理速度真真不爽不爽不爽同一个电话号码一天只能预订一次门票，让我又在**上买了一张,好评
这次旅行很愉快。和朋友一起加上小孩一共11个人。从苏州出发。开了三个小时左右。峡谷风景很好，就是景点与景点之间相隔太远，我们自己开车去的还是比较方便的。住在农家乐老板很热情，晚上还自助烧烤，比住酒店方便。值得一去,好评
景区17年5月刚开通了到昌化镇的公交车，k316路昌化汽车站上车，票价1.5，大峡谷镇（太平桥、龙岗桥）的站名叫桃花溪桥头。车不少，但不能站人，导致假期最后一天高峰期时回程几乎全是客满，坐不上，有拉客中巴80一车，顺风车也很少。连当地去上学的小姑娘都坐不上车。不知以后会不会调整。分4个部分，各自独立检票，白马崖是主景区，最漂亮，要至少2小时，其次剑门关，可走可漂流。景区交通车从最外面售票处的游客中心往里开，4个景区以及太平桥都有站，住宿住在哪个景区的门口都可以，但是住太平桥方便从昌化坐公交。,好评
风景如画，带着老人和孩子一起游玩，很喜欢大峡谷，山路台阶不是很多，老人没那么吃力，整个景区很大，共4个景点，间距比较远，需乘景交转换，崎岖山路，师傅开的那个稳和快，值得一个，景点推荐白马崖和拓林瀑，剑门关的漂流不刺激，就几个小孩漂了下，玩的非常嗨，二丫头说漂流最开心～～龙峡门的漂流刺激，时间没赶上，3:30结束4个景点，回到住宿处三个女人还去逛了街，订个给妹子庆生：祝愿她平平安安、顺顺利利一直发大财～～对了，我们去的时候住宿找的很辛苦，还好最后找到这一家，离大峡谷10分钟路程，不过住宿环境很好，尤其是板娘很热情，最最主要的是住宿旁边就是龙峡门户漂流，公布下板娘的电话：18258448877,好评
我们一行9人都是在同程买的一元门票，周六自驾先去宁国玩了吴越古道，第二天一早从宁国再到浙西大峡谷。窗口取票很方便，报预订的手机号码就可以了。共有四个景点，距离还有点远，还好大门票里含有景区交通车。我们先去了最远的白马崖，典型的峡谷风光，景色不错，一路沿着溪流向上。第二个景点是老碓溪，没什么看点，完全可以不去，进去后马上就出来了。剑门关马马虎虎，就是沿着峡谷边的一条栈道。拓林瀑景区很小，就两个瀑布。总之，是一次非常愉快的旅行。,好评
这次旅行很愉快。和朋友一起加上小孩一共11个人。从苏州出发。开了三个小时左右。峡谷风景很好，就是景点与景点之间相隔太远，我们自己开车去的还是比较方便的。住在农家乐老板很热情，晚上还自助烧烤，比住酒店方便。值得一去,好评
春节期间过去的，四个景点分的比较散，但还好景区交通比较给力，白马涯不错，老碓奚完全没玩头，可能夏天会好一点吧，去白马涯最好还是搭乘景区小交通，省心省力。,好评
玩了5个小时，共四个景点。人比较少。总体不错，但是地方刚开始没找到，同程的地址不对。自己的导航也不对，最后问当地人才知道了。,好评
四个景点之间都有中巴接送，一路山水风光灿烂，小溪流水潺潺，瀑布壮丽可观，气温也感觉下降了不少，是个避暑旅游的好地方！山庄就在大峡谷景区内，非常方便，环境优美，住着都不想走了。老板人很好，少了山外浓浓的商业味，吃的也好，土鸡汤特别鲜美，都是家里养的和种的，以后有机会还要来游玩!,好评
白马崖回（不用坐索道很短路程）回程车上能见老碓溪（不用去，人工景点），剑门关，拓林瀑（可以自行走出，出山门即是游客中心）。很满意,好评
这次国庆游玩大峡谷自驾加全家总动员，总体感觉一般，没想象中好。票价相对其它景点，同程优惠还算大的，不过在临安高速服务区，有工作人员销售也是130元（景点取票）。景点人不算多，分为四个小景点，有中巴接送，司机可能开熟了，艺高人胆大，速度很快，沿途急弯较多，加上有私家车自行上山游玩，几次都险象环生。景点内小商贩较多，竹筒饭还算可以，农家乐也很多，适合朋友家庭一块吃住玩。,好评
不错，网上订票很方便，公司一起10个同事大家都玩的很尽兴，山高水清，山里边的溪水很凉，四个景点一天也够玩了，第一个景点不错，上午玩到11点，去农家乐吃的饭。剑门山玩了漂流，景区的巴士也比较快，路很弯坐在车上看景也很刺激，最后的一个景点就进去了一下，不敢爬山太累了，山还是很不错的适合喜欢爬山的人，还有旅游是一种心情，刚好是团队一起去的，玩的也比较有气氛，晚上住的农家乐，很圆满的一次出行。农家乐推荐清泉许家，这家素质还不错，其他家如果你打了电话询问，到第二天了会不断的打电话骚扰比较烦，其他不多说，应该有人遇到过，自己体会吧。,好评
苏州昆山出发4个小时到龙岗村半了入住，住的畔山小居就在取票口对面非常方便，早餐另收10元/人不贵，共玩了两个景点白马崖和拓林瀑布，拓林瀑布没什么好玩的30分钟就搞定了其它景点因为太累了就没去玩希望下次有机会在来吧，总体不错山青水秀，值得来玩。,好评
"峡谷有四个景点,每个景点都有免费汽车接送。这四个景点我比较喜欢拓林瀑和白马崖，风景很不错，瀑布很漂亮，一路上有很多小吃，还有娃娃鱼很有特色。",好评
同程很取票方便，建议大家订好票自驾游比较方便，因为我们是从苏州晚上三点的火车出发的，转了五次车。到达景区的时候已经三点了。虽然坐车很累，但是当放眼看去都是青山绿水的时候，所有的阴霾都没有了。只有的满满的兴奋。到那就去玩了漂流，我们一行五个人玩水玩到嗨爆了。全身都湿透了，直到五点多才恋恋不舍的坐景区公交去我们提前就订好的农家乐。那里的农家乐人都很热情，我们是住在景区里的，所以在那边玩了两天。很喜欢那边真的不像回来了，以后我还要去。不多说了上了几张图片大家参考参考吧,好评
定的10月1号的票，但是由于十一大堵车，到了就下午5:30了，售票处已经都下班了，本以为票就作废了，第二天去售票处居然票还能取，日期是10月2号的，用一天时间玩了三个景点，老礁溪都说不好玩就没有去，其它三个景点都比较类似，剑门关是玩漂流的，里面还有空中走钢丝的表演，拓林瀑就是两个瀑布，里面还有个大滑梯，但是天气潮湿没有开，还有一个滑索不敢玩。白马崖有缆车单上40单下35，往返60元。,好评
130的门票是很公道了，四个景区，中巴车来回接送，最远的白马崖景区还是可以的，不负浙西大峡谷的名声，山谷内树荫很多，第二站去了老碓溪，里面都是些孩子玩的项目，对孩子也是一种锻炼，还有少数民族的竹竿舞等活动。最有趣的就是皮筏漂流，儿子最喜欢漂流和穿越峡谷。晚上就住在农家乐，环境还是很不错的。,好评
非常不错的一次旅行，我们是第一天晚上到那里的，就在大门的的对面入住了一家民宿，干净整洁，第二天早上起来吃好早饭我们就去买票乘坐大巴，先去了白马崖，凉爽的不得了，孩子玩玩水，我们坐在石头上小歇，很是适意，吃好饭直奔漂流的地方，跟爸爸玩的特别的开心，一次非常不错的旅行,好评
从苏州昆山出发大约4小时到龙岗村，住民宿还行吧价适中，早餐另外算10元每人，景区很大玩了两个景点白马崖和拓林瀑布，白马崖里面风景挺好的，瀑布一般30分钟就搞定了没什么好玩的，漂流是另外付费60元/人，漂流途中看到走钢丝表演还不错，总体来说还行吧！,好评
景区门票80网上买的话亏大了。也不知道桐城搞什么。,好评
四个景点连票的，景点与景点直接都有景区交通，含在大门票里了。柘林瀑和白马崖两个景点大些，也好玩些，特别是柘林瀑，有旱滑道，200米，比较短，小朋友很喜欢，滑了2次,好评
早上从西塘赶过来的，到这都11点多了，取票很容易，但是刚座上景区公交就下雨了，越下越大，座了滑索30元一个人，然后去了那个漂流那，都没什么人，我们就走了栈道，走的累**了，4个景点都去玩了，索道缆车太贵，上下2个人都要120，还有个50，反正半天下来累**了，腿都酸**了,好评
四个景点连票的，景点与景点直接都有景区交通，含在大门票里了。柘林瀑和白马崖两个景点大些，也好玩些，特别是柘林瀑，有旱滑道，200米，比较短，小朋友很喜欢，滑了两次。,好评
太棒了。在农家乐的时候被告诉有1元票。。花一块钱买了门票。看了特别棒的景色。。白马崖一定要逛完，要去走大吊桥。。。不要原路返回啊。。。柘林瀑一定要去到最上面的大瀑布。。玩水的天堂。水质特别好。夏天去凉快的不要不要的。。。漂流的话强推龙井峡漂流啊。太刺激了,好评
剑门关很漂亮，白马崖顶部漂亮，值得一去。其余两个一般，可能因为冬天的缘故，毕竟树叶有枯黄，而且冬天水流比较小。看的出来夏天漂流会很棒，期待夏天,好评
剑门关很漂亮，白马崖顶部漂亮，值得一去。其余两个一般，可能因为冬天的缘故，毕竟树叶有枯黄，而且冬天水流比较小。看的出来夏天漂流会很棒，期待夏天,好评
第二天游玩的景点有点期待，网上提前预订了票，蛮方便的，山路十八弯呢，佩服景交司机技术不错，山路很陡峭。第一站白马崖，景色不错，山山水水空气也很好，水很是清澈，就是水里没有鱼儿游，坐了观光缆车，天目山脉尽收眼底，缆车上下联票60元一人，单上去票40元一人，后来还有三个小景都不如白马崖，时间紧迫我们又转去了杭州～,好评
景点比较大，门票含景区小交通，不建议自驾进去景区，路不好开，不识路的找不到景点。景点内风景优美，8月去水小了点，有的地方都断流了，不过还是很多地方有小溪小潭，可以抓小鱼小虾玩。,好评
有四个景点，很大，我们一行大部分都是老人和小孩，所以基本上有索道的坐索道，有缆车的坐缆车，要不然根本爬不了很高啊，呵呵，浙西大峡谷真不愧为一个大字，我们一群人只能仰望大山，感受一下雄伟的气势，皮筏漂流很好玩，大人小孩都喜欢。另外要说的是，每个景点之间有景点旅游车摆渡车，那个司机的水平真是高，那山路开的就跟过山车似的，大家很开心，呵呵。很开心的一次体验。,好评
风景很好，山里的水特别清澈。漂流也挺刺激，值得一去！我们住在半山腰的农家乐，吃吃玩玩！体验山里人的生活！就是行程比较短，希望下次可以多玩几天！,好评
这次是我们全店出游，看了杭州周边很多景点，最终选择浙西大峡谷，我们从萧山出发大概一小时40分钟到达目的地，一路上风景优美，因为我们没有导游，所以玩的比较尽兴，不受时间限制，景区公交果然是传说中的惊险，总共四个景点，玩了第一、第二个，我们觉得第三个差不多，就只接漂流，喜欢刺激的人可能有点失望，不过我们人多一样有乐趣⋯,好评
对于6元钱的门票是超值超赞，空气很好，可惜下午到的游玩时间不够，漂流和瀑布都没时间感受了，唯一的问题是安同程网导航直接导航到山路上了，来回折腾了1个小时的山路时间,好评
票子有效期2天，这个比较人性化，建议将车停在游客中心乘景区交通，方便灵活，自己开车路太小太险。白马崖比较典型的山水风光，山不高不用乘缆车，老碓溪比较烂，没什么好玩的，柘林瀑小小的，有小孩子喜欢的滑道和溜索，剑门关风景最好，还有漂流。总的来说，不错。,好评
取票很方便，我们自己联系在那边住了2晚，风景很漂亮，宝贝们玩了2天的水，水很清澈，还带回了2个小家伙，慢生活很舒服……吃的都是民宿自家产的，很热情，位置也好找，这是我第一次带家人上高速，没有出差错真是万幸！,好评
"隔天晚上订票，当天7:00从昌华驱车前往，20分钟到达，换票,4个景点，景点之间有多辆巴士循环接送，从最里面的白马崖往外面玩，白马崖悬空栈道是亮点，剑门关临湖长廊是亮点，拓扑林滑梯，索道是亮点，很不错的一次旅行，建议早上早点去，空气氛围都不错。",好评
山里的空气真的很清新。景区的公交很方便，几乎不用等，如果驾驶技术一般的就不要挑战山路了，很多急转弯，路窄，会车很考验驾驶员心理素质。从白马崖往下玩的，最美景观就在白马崖。剑门关漂流还不错，柘林瀑的瀑布也还可以。总之，玩水你选浙西大峡谷就对了！,好评
景色还不错，虽没有大明山的雄伟壮观，但有自己的清秀美丽，农家乐的饭菜也很好吃，也没有很贵，十多个人一起玩的很开心，也没有爬太多山，在车上看风景超赞，司机师傅的炫酷漂移很爽的啦，空气好清新，很凉爽^ω^,好评
网上订票便宜，到景点取票也很方便，第一个景点比较不错，风景确实挺好，有山有水，可以玩索道可以玩漂流，其他三个景点的话可以选择性玩，都玩的话太累，我们又选择了农家乐住一下，推荐清泉许家，比较不错。,好评
因为台风影响，只开放了两个景点，票价也便宜了一些，拓林瀑和白马崖。不过这样两个景点慢慢玩正好。不太累，可以比较轻松的爬山和玩水。要是加上剑门关和老椎溪，一天下来根本玩不到。整体风景和环境都不错，夏天爬山很凉快。,好评
感谢同程旅游，同程网订票很方便，购票网订价格130，现场要160元，一家三口自驾游，孩子没有学生证要买成人票，给户口簿看也不行，好不容易在包里翻到学生月票公交卡，学生票是110，景点不错，漂流孩子很开心，就是漂流价格太贵，孩子还不优惠。,好评
完全是为了活动才一元，就算正价160也值得一去，如果加上里面的娱乐消费就贵了，还好我们是同程活动价，把里面消费都玩了个遍，是一次很特别的出行体验。,好评
谷底空气清新凉爽，风景特别漂亮，白马崖，剑门关都很值得去看看，我觉得景区开公交车的师傅服务态度很好，特别感动的是，我们从柘林瀑回游客中心，驾驶员中年有点微胖，看到一当地八十五岁的奶奶在路边走，主动停下车，载了她到目的地，希望景区领导多表扬。,好评
剑门关某处有点像九寨沟的某处，石林瀑的瀑布也不错，白马崖走到瀑布处继续走风景才优美起来。老什么溪就没什么意思了。整个景区的景点的指示牌不完善，你总得让人知道往哪个方向走，后面是什么景点，到了某处景点要让人知道是什么景点。总体风景是不错的，值得一看。住山下农家，主人的厨艺不错。,好评
取票非常方便，1元门票非常划算了，有四个景点可以游玩，我们一行14人玩了拓林瀑、剑门关、白马崖，有一个景点时间来不及没去，剑门关的漂流适合老人和孩子，孩子们玩得很开心。,好评
自驾去的浙西大峡谷，景点很大，一共有四个景区，由于时间问题我们只玩了两个景区，白马崖和剑门关。风景确实不错，总体也不算很累。几个景区之间都有车接送，比较方便。,好评
风景如画，喜欢，只是总共四个景点不在一起，每去一个景点需要换成公交有点浪费时间，想要悠哉的玩，是要一天时间呢，我们由于要赶着回家，只去了两个景点玩了四个小时。,好评
十一人也不是很多，四个景点比较散，有公交，千万别吃景区门口的饭店，吃了家白马涯饭店，300套餐没有零点，全素，就一个鸡汤，大概小半只鸡，还是超市那种工业,好评
取票等很方便，如果不用在线付款会更好些。如果在线付款后会有种压力，如果改成在线预定，效果会更好，行程可能更宽松。,好评
自驾游去的，到那已经下午了，还下着雨，所以就玩了一个景点，白马崖，山里很舒服，但是登顶也就一个小瀑布，建议可以选择剑门关，听说还可以，漂流不错，虽然要自费，要是路程再长点就好啦,好评
同程网上购的票，去现场直接取票，非常方便，拿了票做景区中巴上山，道路很窄，弯道很多，太惊险了，下了车，进入峡谷，非常凉爽，水非常清澈，是避暑的胜地,好评
虽然是枯水期，但是风景真心不错！不虚此行，等夏天了还要再去！,好评
里面有好几个景点，一天如果都玩一下的话估计很累，里面小溪的水很清澈，在我们这里基本看不到，漂流还是有点刺激的，就是每人要出60元，不包含在门票里面。,好评
1元很合算的还含景区内公交，还送了一人一把扇子，玩的很开心，住了一个晚上的农家乐，饭菜也是蛮好,好评
风景如画，带着老人和孩子一起游玩，很喜欢大峡谷，山路台阶不是很多，老人没那么吃力，整个景区很大，共4个景点，间距比较远，需乘景交转换，崎岖山路，师傅开的那个稳和快，值得一个，景点推荐白马崖和拓林瀑，剑门关的漂流不刺激，就几个小孩漂了下，玩的非常嗨，二丫头说漂流最开心～～龙峡门的漂流刺激，时间没赶上，3:30结束4个景点，回到住宿处三个女人还去逛了街，订个给妹子庆生：祝愿她平平安安、顺顺利利一直发大财～～对了，我们去的时候住宿找的很辛苦，还好找到了这家，离大峡谷10分钟路程，不过住宿环境好，尤其是板娘热情，尤其是住宿旁边就是龙峡门漂流，公布下板娘电话：18258448877,好评
浙西大峡谷很漂亮，同程取票方便，旅行比较愉快，景区很大，在景区有免费大巴，从最后一个景点玩起来，一直玩到第一个，下雨天鞋子会很滑，一定要穿不滑的鞋子，有山有水，适合大人游玩,好评
大峡谷共四个景点，最耐玩的还是白马崖。可以半天时间，出来门口的小饭馆也比较实惠，真的是良心价了。其次应该是剑门关，沿湖的栈道还是很有气势的，再次是柘林瀑，双瀑布还行可惜不耐玩。还有一个没有去，感觉不会很有趣。总体很棒。,好评
值得玩，柘林瀑，白马崖玩水很凉快，剑门关漂流还是得玩一下，不然这个景点就没劲了。老礁溪是真的浪费体力，没玩头。枯水期断流了。。,好评
拓林瀑、白马崖不错，剑门关就是漂流，还有一个可以忽略，游玩一天差不多，慢慢走，玩玩水，很舒服，景区很大，风景不错！,好评
网上购票超级方便，取票也超级方便。风景优美，民风淳朴，物价也很优惠，值得大家来此游玩。,好评
带着老妈游浙西大峡谷。当一进入景区时当凉爽的山风，清新的空气迎面而来时，顿时精神一振，举目四望，披着青翠的山岭和大小不一的溪流印入到我的眼帘时，我被这大自然风光所陶醉。等回过神时听到瀑布溪水发出哗哗流水声和年迈的母亲开心愉悦的笑声时，我知道了这是一次成功之旅！,好评
不错，是个旅游的好去处，山清水秀，空气清新。我是同程买的票130。里面的其他项目都挺实惠。就是四个景点离得有点远。还好有公交，徒步游景点一天刚好四个游完。,好评
景区很大，每个景点之间都要坐景区公交互换，玩了两个景点，白马崖和拓林瀑，孩子边爬山边玩水，很是休闲,好评
出行遇到突如其来的一场大雪，看到了浙西大峡谷的雪景，自然环境优美，走浮桥，听潺潺溪水声。因积雪路滑没有游玩全部景点留有遗憾。不过看到了雪中的大峡谷也不虚此行了。夏天去游玩应该更好玩。我们在做明年的打算了。,好评
湖州出发到临安，先预约了农家乐，然后出发去浙西大峡谷。取票很方便~那山那水那树，整一个原生态，顿时感觉清凉，舒心，宁静~因为不是周末，所以人也不是很多。这样闲庭信步与山水之间，很舒适~,好评
风景很美！就是路边的风景区指示牌多点就好了，走错路了！,好评
自驾游直接到游客服务中心，换票非常方便，直接报手机号码。有四个景点，景区交通车都可以直接送到。,好评
首先说交通自己去的，主要是转车麻烦的，开车的话时间太长，首先从杭州坐车到临安或者昌化（去临安还是要转车去昌化的）昌化就有直接到大峡谷的车了，7块钱一个人，那边的人都还不错很热情,好评
这是一次很满意的旅行，浙西大峡谷环境很好，走走玩玩心情不错。同程网定的票很方便，换票只要报手机号就可以了,好评
门票含景区交通费，这个交通是景区中巴的车钱，四个景点全包。针对非自驾人或实在不敢开山路的人而言的。自驾还是自己走吧，方便。但不退钱。同程价格非常划算，学生，老人也要7折，还不如同程的价格便宜。只有去白马崖和老雉滩的那段山路算有点难(一条道上)，但小心一点慢点没问题的，进去也就20min吧，可以导航。白马崖最里面，有雾，找不到看不清马头了。沿着峡谷走，一路流水潺潺，刚下完雨，水量丰富，但沒有什么特别的景点，但听听水声看看流水小飞瀑也不错，夏天可以玩水，绝对凉块。最坑爹的九龙瀑，不到十米高，还在尽头，边上有路，说是村民山路，不返回后果自自负，不过再进去也确实沒啥东西了。还不如索道上面的那个大瀑布好看。说到索道，上去40，下来35，买双程60，不过走下来也就20分钟。不要被索道上的山头吓坏，那是索道的，走路是沿着峡谷的。你自己看吧。门口的几个饭店不错，明码实价，量足，午餐没有问题，放心。老雉滩其实是个水上娱乐场，水上勇敢者道路，春节没人管，可以进去玩，但要自己注意安全，掉水里可就沒人管了，且主河道水很深。不知夏天是否要再买票。进门也有索道，走下去7分钟，你要任性，好吧。。。。。剑门关出入口相距约2公里，进口在剑门关隧道上。进去方向出了隧道斜向上有一条岔道，上去拐个弯就到，出口在从大道拐上小路后约3百米吧，很不起眼的写着剑门关检票处，但边上漂流很醒目。这一段是沿着峡防边的步道看水，感觉很一般了。在隧道上观景台或隧道口路边看看，差不多。拓林瀑离游客中心最近，沒进去，据说就2条瀑布，感觉挺失望，干脆算了。沿拓林瀑道路再往里约十分钟车程，几公里吧，就能到山顶，有很多农家乐，夏天来避暑应该很不错。浙西大峡谷，单从游山玩水的角度来讲，很无特色，特别在冬季，夏天可能山里溫。度会低点，如果水大，估计还凑合。,好评
一共有4个大景点，中间有公交车接送很是方便，司机师傅的水平超好，盘山公路有点像坐过山车，刺激。有山有水有玩，超好！剑门关的漂流很好玩！,好评
由于下午要赶回，玩了三个景点，总体不错，毎个景点都有游览车接送，导游超级好，帮我们联系回程车，没推销产品什么的！,好评
很不错哦，很好玩，公司旅游，空气很好。关键也很不错,好评
购票很快捷，取票也还可以，游客中心窗口拿票，有四个景区，由景交连接还算方便，不过四个景点风格差不多，没有多少特色,好评
9.9元的门票还包括保险非常划算，同程活动非常给力，门票包括四个景点，由于时间的原因我们去了柘林瀑、剑门关、白马崖，剑门关的漂流水流不急，适合孩子和老人。,好评
我们一家四口买的家庭套票，取票挺方便的，景点不错，孩子们都喜欢，强烈推荐一下拓林瀑和白马崖！我们玩了滑索，彩云索道，都挺好的，而且景区的东西也不算贵！,好评
景点人挺多的，等景点公交车足足半小时，瀑布很好看，山里空气清新，非常舒服。漂流也玩到了，有点小刺激！就是走了很多冤枉路，除了有点累，玩的比较开心的！,好评
景区很大，头天下雨。今天瀑布声音很大，最高的山很陡，吊桥很悬啊！主要白马崖景区很好的。又高，瀑布也多。买了最高的一个老爷爷卖的彩晶石。那么高不容易。其他两点景区小了点。,好评
风景不错，玩的很累，山好水好，做了索道也玩了漂流，总体满意。农家乐白云山水态度很差,好评
浙西大峡谷有四个景区，会有巴士接送，白马崖景区不错，最好玩的项目是剑门关漂流，适合家庭出游。,好评
环境不错，保护的可以，**也不多，就是物价有点贵，总体玩玩还是不错的，能玩上一整天！,好评
很不错哦，玩的很开心，水非常的清澈，真心佩服在景区的开车的司机师傅，路那么窄，两辆车都能错的开。点赞！,好评
原价要160每人，春节特价95一个，红包抵下才90，还可以，包括公交车费用，一共4个景点，主要是靠走，山高水清，环境很好，公交车是挺多的，但春节人也多，要想坐车得等好长时间，想赶时间的可以自己开车上去，也可以第一和第二个景点自己开车去，路还是挺好开的，停车就要看你运气了，每个景点可以停几辆车，最后两个景点不建议自己开车，因为路小又不好开，会车也困难，没点技术还是不要开车上去了，还是耐心点等公交车吧！,好评
1天的行程还是挺满的，一共四个景点。尤其是白马崖的水很干净，景区里摊位的东西也不贵。明年准备带父母再来一次。,好评
超值啊！门票+景交+保险才一元，天热还贴心送扇子。老碓溪一般，其他几个景点都不错，夏天玩水的好地方。,好评
风景不错，空气清新。水美，山美，风景美。关键门票还便宜。渡假旅游圣地！如果有机会我还会再去。,好评
环境不错，保护的可以，**也不多，就是物价有点贵，总体玩玩还是不错的，能玩上一整天！,好评
风景一般，听本地人说最近没怎么下雨，水位比较低景色一般，附近的农家乐都不错，价格公道，饭菜也都很平淡新鲜,好评
我们联合登山一队集体参加这次同程旅游的活动，每个人在网上订票，在**上互动。浙西大峡谷景色秀丽值得一去。可以发照片吗？想发几张集体照。,好评
这真是一个愉快轻松的旅程，带着孩子与伙伴们同行，不仅让大人完美的感受到大山中的愝意忘却了城市喧闹与压力，也让孩子们尽情享受了大自然带来的美好的感受，留下了深刻的回忆。,好评
很划算，路上还遇到一些人也是冲着一元门票去的，我从来就没见过那么清的水，山里面很舒服，闻着早桂的花香，在小溪边赤脚下水，踩着河底的卵石，真是说不出来的爽，还要主要是白马崖和拓林瀑好玩，剑门关就是看人家漂流，老碓溪我觉得没意思，不过总的玩下来感觉很爽，大巴把你一站一站的送去，一条线走完，大概花了一个下午吧，建议大家特产不要在山上买，最后走完会有买的还不错，一半山核桃什么的十月才摘，卖的都是去年的，最后拓林瀑下来还有好多农家乐，没定的也可以去住，只是山上的饭菜稍贵。第二天去龙井峡玩漂流了，很爽很刺激哈哈nn,好评
还好……挺有意境的。最好先去远的白马崖，最后去近点的地方。漂流我觉得不是特别有意思，打湿了鞋子是肯定的，然后没有什么特刺激的。,好评
一天游比较急忙，一大早发出发，到那里已经是中午快12点了。所以只游了三处。溪水很清但量不大，几处小瀑布还可以的，丝丝凉意。美女导游服务超好滴。,好评
水好清哦，大巴司机开车很有意思，想感受漂移及过山车，一定要去浙西大峡谷！,好评
以前旅游去过，这次主要去漂流的，挺好的，就是去的挺早，还是排队等了好久。,好评
景区只能说还可以，我们是4号区的，人不是很多，老碓溪抓小鱼抓了1小时才抓到2条，最后说服宝贝在拓林瀑放生，也算是功德圆满!,好评
很不错的景点，一家都很喜欢，特别是我老公很喜欢这种纯天然的感觉，下次还会再来的,好评
包含四大景点：白马崖、老碓溪、剑门关和柘林瀑，其中白马崖和老碓溪比较近，剑门关和柘林瀑比较近。,好评
非常棒的地方，十年前我来过，笨次和朋友约定又来了，依然很喜欢哈，值得欣赏的大自然,好评
环境很好，四个景点都非常大，如果全部玩需要一整天的时间。农家乐也挺不错。,好评
一家人一大早从桐乡出发，9点半左右到景区，换票很方便，还送金币，四个景点玩好差不多5点，景色还不错，山不是很高，一路爬，一路玩水，还玩了漂流，女儿最喜欢漂流和穿越峡谷！,好评
这是一个迟到的点评，我是8月29日去浙西大峡谷的，一天的旅游下来，感觉很好，有山有水有瀑布还去了农家吃饭，感谢景区的工作人员他们不辞辛苦开车来回送我们到一个一个的景点，感谢同程给了我们到景区去游玩，谢谢了！,好评
环境很好，散心的好地方。天很蓝云很白景色真的很美丽。有的时候还有表演看,好评
几个景点比较分散，走完需要一天，乘车的地方次序比较混乱！,好评
很开心难忘的一次旅行！温暖的小镇，岖崎的山路，清澈的溪水，清新的空气！一路游山玩水！特别棒！还有漂流！,好评
里面景点很多，但不是很有意思，适合去呼吸新鲜空气，碰到的老板娘人很好，住的农家乐，景点推荐那个高空大吊索，很好玩,好评
取票方便，由于时间关系就游玩了二个景点，景色优美，还看到了空中表演。,好评
网上订票取票简单，景区风景不错，就是指示牌不够，希望能加强，下次会再次去游玩！,好评
6月6日游玩了浙西大峡谷，感受同程的优质服务，景点取票方便快捷，吃住经济实惠。,好评
大峡谷里面的四个景点由于时间的关系只玩了三个，个人比较喜欢白马崖，山青水秀，休闲的好去处，空气很清新，非常划算的一次旅行……,好评
不错哦。希望有更多的活动。带婴儿车的话，一半路可以推，一半路得抗着车。n可以推车的地方速度慢点，不能推车的地方稍微走快点，那就带着婴儿车吧。如果只是为了顺便看看风景，速度要快的话，直接放弃婴儿车。几个景点之间有免费的班车，这次去，人不多，车不拥挤。坐车里，吹吹风也是不错的感觉。特别是车行驶过路边的时候，旁边是山崖，各种刺激，也有点担心。总之，一次不错的旅游。,好评
第二次去浙西大峡谷了，非常喜欢山上的白云人家。晚上住农家吃农家。,好评
风景如画，带着老人和孩子一起游玩，很喜欢大峡谷，山路台阶不是很多，老人没那么吃力，整个景区很大，共4个景点，间距比较远，需乘景交转换，崎岖山路，师傅开的那个稳和快，值得一个，景点推荐白马崖和拓林瀑，剑门关的漂流不刺激，就几个小孩漂了下，玩的非常嗨，二丫头说漂流最开心～～龙峡门的漂流刺激，时间没赶上，3:30结束4个景点，回到住宿处三个女人还去逛了街，订个给妹子庆生：祝愿她平平安安、顺顺利利一直发大财～～对了，我们去的时候住宿找的很辛苦，还好找到了这家，离大峡谷10分钟路程，不过住宿环境好，尤其是板娘热情，尤其是住宿旁边就是龙峡门漂流，公布下板娘电话：18258448877,好评
订票方便，取票方便，各个景点距离很近，山里很舒服，才28度，马路上也才31度。,好评
"人们常说：计划不如变化快。出门旅行更是如此。原计划11：00从苏州出发，所以在同程网上订了双溪漂流和白水涧门票。实际到下午1点才真正出发，到达目的地时已经5点左右，直接去酒店入住。我发短信取消了预订，又重新订了第二天的门票。到景区换门票很方便。人也不多，不用排队。个人认为，自驾游还是更方便，因为进景区小车是可以进的。景区的停车场还没什么成形，只是在稍宽的路边竖了个牌子“停车场”。我们滑过了拓林瀑，直接去了剑门关。一直担心一不小心全跑过了，还好，看到漂流的就停下来，原来是剑门关。漂流是另外收费的，皮筏自助80每人；我们买了3张自助，2张非自助50*2=100,总共漂了340元；景区大门票501元，中午在剑门关度假酒店点的家常菜，味道不错，4菜1汤96元。我们本来通过同程订了龙岗宾馆，回程却走错了路，也搞不清宾馆在什么地方，转了几圈，看到高速入口，（这个在百度地图上没记录），就一狠心回家了。刚发短信取消，就接到宾馆电话，还被骂了一句“没素质”。对不住商家，难过了一阵。",好评
风景蛮好的！就是一开始发生一点小插曲有点不开心,好评
风景如画，带着老人和孩子一起游玩，很喜欢大峡谷，山路台阶不是很多，老人没那么吃力，整个景区很大，共4个景点，间距比较远，需乘景交转换，崎岖山路，师傅开的那个稳和快，值得一个，景点推荐白马崖和拓林瀑，剑门关的漂流不刺激，就几个小孩漂了下，玩的非常嗨，二丫头说漂流最开心～～龙峡门的漂流刺激，时间没赶上，3:30结束4个景点，回到住宿处三个女人还去逛了街，订个给妹子庆生：祝愿她平平安安、顺顺利利一直发大财～～对了，我们去的时候住宿找的很辛苦，还好找到了这家，离大峡谷10分钟路程，不过住宿环境好，尤其是板娘热情，尤其是住宿旁边就是龙峡门漂流，公布下板娘电话：18258448877,好评
同程购票方便又实惠，一家人自驾游开心又温馨。景区风景秀丽，游玩项目也丰富。,好评
适合带着全家一起去玩，环境很好，也很舒适，不是相当的累。,好评
感觉不错，就是一下午的时间来不及玩遍4个景点，只玩了三个，有点遗憾,好评
提前一天到的景区，住的农家乐，由于暴雨的原因，人不多。n第二天早晨取的票，很方便，分分钟就领到票，然后景区公交到白马崖，缆车上下，然后剑门关漂流，不是很刺激，总体来说还不错,好评
去的时候是五一同程订票一大一小套票169.00，到那售票点一看贴有一张通知五一票价优惠，**只要100半票50，所以就直接买了，买票告知要买公交车票一人30，不买公交车票售票员不给卖，说自己开车不能进去，无奈买了2张公交票60元一共210.00，进了景点自己开车去的，人不多景点比较散，开车一路跑到尽头了也没看到人在折返回来去了一个景点，叫什么老碓溪，里面的什么缆车漂流全部都是另外收费项目，一个都没玩，玩了2个小时多，回来吃了顿饭，感觉山里的菜烧的还可以，比较合口，景点被对面修的省道破坏的一塌糊涂，有点可惜，本来还有好风景的，河水不大，还算清，不过被漂流的弄得有些浑浊的，下午折返到售票点找办公室人员退了公交车票（我公交没坐自己开车进去的，里面地方很大，路比较好，都是山路，但弯道比较缓。,好评
"抢到1元景区票，早上8点30出发，一路比较顺利10:20到达，停车场都停满了，好不容易找到停车位置，在售票处换票成功，人不是很多，看来都已经到景点去了，免费乘车到第一个景点，柘林瀑比较小的景点，不过要走一段路，风景一般，下山乘车直接到白马崖，一路上司机在飙车，爽，危险，路真的窄，验好票上山，一路上山，风景没有看到什么，(徒步爬山还行),下山的风景还可以，老碓滩没有玩头，都是人工做的，剑门关也适合徒步，免费乘车回到游客中心，一路上风景有2处还行。",好评
风景如画，带着老人和孩子一起游玩，很喜欢大峡谷，山路台阶不是很多，老人没那么吃力，整个景区很大，共4个景点，间距比较远，需乘景交转换，崎岖山路，师傅开的那个稳和快，值得一个，景点推荐白马崖和拓林瀑，剑门关的漂流不刺激，就几个小孩漂了下，玩的非常嗨，二丫头说漂流最开心～～龙峡门的漂流刺激，时间没赶上，3:30结束4个景点，回到住宿处三个女人还去逛了街，订个给妹子庆生：祝愿她平平安安、顺顺利利一直发大财～～对了，我们去的时候住宿找的很辛苦，还好找到了这家，离大峡谷10分钟路程，不过住宿环境好，尤其是板娘热情，尤其是住宿旁边就是龙峡门漂流，公布下板娘电话：18258448877,好评
风景如画，带着老人和孩子一起游玩，很喜欢大峡谷，山路台阶不是很多，老人没那么吃力，整个景区很大，共4个景点，间距比较远，需乘景交转换，崎岖山路，师傅开的那个稳和快，值得一个，景点推荐白马崖和拓林瀑，剑门关的漂流不刺激，就几个小孩漂了下，玩的非常嗨，二丫头说漂流最开心～～龙峡门的漂流刺激，时间没赶上，3:30结束4个景点，回到住宿处三个女人还去逛了街，订个给妹子庆生：祝愿她平平安安、顺顺利利一直发大财～～对了，我们去的时候住宿找的很辛苦，还好找到了这家，离大峡谷10分钟路程，不过住宿环境好，尤其是板娘热情，尤其是住宿旁边就是龙峡门漂流，公布下板娘电话：18258448877,好评
部门团队第一次来浙西大峡谷，天气舒适，风景也不错，特别是瀑布，很美，很赞！,好评
风景如画，带着老人和孩子一起游玩，很喜欢大峡谷，山路台阶不是很多，老人没那么吃力，整个景区很大，共4个景点，间距比较远，需乘景交转换，崎岖山路，师傅开的那个稳和快，值得一个，景点推荐白马崖和拓林瀑，剑门关的漂流不刺激，就几个小孩漂了下，玩的非常嗨，二丫头说漂流最开心～～龙峡门的漂流刺激，时间没赶上，3:30结束4个景点，回到住宿处三个女人还去逛了街，订个给妹子庆生：祝愿她平平安安、顺顺利利一直发大财～～对了，我们去的时候住宿找的很辛苦，还好找到了这家，离大峡谷10分钟路程，不过住宿环境好，尤其是板娘热情，尤其是住宿旁边就是龙峡门漂流，公布下板娘电话：18258448877,好评
风景如画，带着老人和孩子一起游玩，很喜欢大峡谷，山路台阶不是很多，老人没那么吃力，整个景区很大，共4个景点，间距比较远，需乘景交转换，崎岖山路，师傅开的那个稳和快，值得一个，景点推荐白马崖和拓林瀑，剑门关的漂流不刺激，就几个小孩漂了下，玩的非常嗨，二丫头说漂流最开心～～龙峡门的漂流刺激，时间没赶上，3:30结束4个景点，回到住宿处三个女人还去逛了街，订个给妹子庆生：祝愿她平平安安、顺顺利利一直发大财～～对了，我们去的时候住宿找的很辛苦，还好找到了这家，离大峡谷10分钟路程，不过住宿环境好，尤其是板娘热情，尤其是住宿旁边就是龙峡门漂流，公布下板娘电话：18258448877,好评
玩了一天，还是挺不错的，门票就含景区交通。每个景点之前都可以乘坐。,好评
元旦和老公与朋友夫妇一行四人，自驾从上海出发到这里玩。门票促销，100元每张，两日有效，在同程上预定，非常方便。我们1号早上8点上的高速，12点半到达景区。因为是淡季，景区内小巴几乎都不开了，幸好我们自己有车。四个景点里剑门关和白马崖最值得去，尤其是剑门关，美的让人惊叹。老碓溪几乎都是人造的人文景观，有些玩的项目。柘林瀑最为小，两个瀑布，走完一圈只要20分钟。建议白马崖和剑门关分开两天玩，另外两个顺带逛一圈就可以了。,好评
玩了一整天，挺值的。门票就含景区交通，各个景点直接可以免费换乘，还不错,好评
6月9日几家聚餐时确定第二天要去浙西大峡谷，晚上9点回家立刻登陆同程，选择了景点和住宿酒店，一切非常顺利。尽管中间还出个小插曲，由于没看清日期有一间房订了9日的，酒店老板娘打来电话核实才发现订错了，完成整个预订工作也没用了30分钟。第二天早上从常州出发，300公里多一点的距离，跑了4个小时，因为杭州绕城，高速堵车，到景区已经下午一点多，赶紧取票，非常顺利；联系酒店，非常顺利，老板过来接，并迅速安排好我们迟到的午餐。午餐的几道菜非常有特色也有味道，我们迅速决定晚上就回酒店就餐，而且在老板的推荐下，把晚餐的农家散养鸡这道主菜定了下来。一下午，我们游览了柘林瀑景区、老碓溪景区和白马崖景区，看古木参天，听溪语瀑声，饱含负氧的清新空气沁人心脾，连绵高耸的翠绿峰峦令人惊叹，步道曲折有意，游人欢笑有情。今天上午又游览了剑门关，峡底栈道沿溪而行，薄雾绕峰，峡壁蕴树，绿水照峡，细雨拂面，身临其境，虽无太白之风，却有近仙之感，美哉！快哉！,好评
性价比很高，整个游览过程比较舒服，景点之间路程较远，由旅游车接送。喜欢山林美景可以选择两天游，夏秋之交比较好，气候宜人。,好评
我们到浙西大峡谷是此次旅行的第三站，第一站是大明山，第二站是天目山，第三站是浙西大峡谷。浙西大峡谷停车场把车停好之后，就去窗口报同程网索票，然后买了交通。去了柘林瀑，柘林瀑的瀑布前是一道靓丽的风景线，有很多人在拍照。午餐就地解决之后，我们又乘景点的交通去白马崖。车子一路爬山，比较惊险和刺激，到了白马崖就觉得风光无限好，就是现在的季节水好像不是很多，然后因为第三天的行程，我们很多朋友都走了一段路就休息了，然而最好的风光绝对在峰顶，爬到最上面在那摇摆桥上，一览众山小的感觉。,好评
买的网络套票，4个景点，票价高，又没单个景点的票，实际景区公交上去只玩了一个白马崖，其他3个景点，根本没时间游玩。光白马崖就用了一上午游玩，下午有其他安排，就没去其实景点，实在有点浪费，提下，景区公交真方便……,好评
山里的空气很好，景点一般，可能是冬天的缘故吧。门票处硬要购买20元一人的公交车票，大人小孩都一样。我们自驾车过去，根本就不需要,好评
"一早来到景点兑换同程网预定的门票,被告之还需加收每位30元景点内交通费,有旁人问可否不买,答因为景区内的景点间距离较远,而自驾车又无法进入景区,故......,既然如此,何不将此价格列入景点门票价中.而不必现在让游客有强行消费之嫌.也许是季节不对吧,进入白马岩景区,放眼所见峡谷内小溪干枯，溪底的石头裸露在外，仿佛进入了一个天然的采石场。一天的游程除了看石头还是看石头，毫无风景可欣赏，除了剑门关的漂流聊以安慰一下失望的心。",好评
风景好，只是到了枯水季节，水没那么多了，不过浙西大峡谷就是一个天然氧吧。人在里面整个身心都愉快了。夏天来漂流一定很有意思。,好评
购票方便，取票容易。去的早，停车不要钱。年后的第二个工作日，景区人超少，专车。幽静得很。,好评
购票很好，服务员，很好，我来时买了四张票小妹没来成，还帮我退票，谢谢你的服务,好评
同程上订票取票都非常方便快捷。景区很大，有四个景点，需要一整天的时间，其中白马崖最好风景绝色，其次剑门关，其余2个一般。,好评
总体感觉不错，风景幼美，景区换票很方便，同程定的plus会员票，价格很优惠,好评
全家出动！自驾去的！嗯到山里走走很不错！还有漂流！都在一个地方！一站式很方便！很适合亲子游！还在山里面住了一晚！都很热情！总体比较满意？以后还会去！,好评
确实不错的地方，环境优雅，令人心旷神怡，心情超好，我们等白马崖途中戏水许久，很是快乐，漂流就3处稍刺激，其余一般，总体来说不错的一次旅游！,好评
景色很好，就是我们去的晚了，只能玩了三个景点。山里的空气很好，景色很迷人。,好评
2号早上出发，4个小时就到了，一路上景色不错，连绵起伏的山，一座连一座，空气很好，到了景区，取票也方便，四个景点都要坐景区公交，开车师傅车开的很快，山路也陡，安全第一啊！山里有点凉，现在去要穿外套，晚上住在景区不远的农林山庄，还不错，房间也蛮干净，价格合理，老板人不错，下次去还住那。总的来说，是一次很愉快的旅行！,好评
同程网订单自驾游去的，路好走，换票和乘景区车都方便，一家三口玩的很开心。,好评
其实票包括4个景点，和景区公交，我订购晚了，可以先订，今天玩不完，还可以明天继续用，反正每个景点去完，会给你划掉的。很喜欢呢，一张票给你2个游戏币，每个游戏币可以抵5元。,好评
白马崖挺不错的，就是四个景点有点分散，不是自驾不太方便,好评
夏天总是喜欢去有水的地方，曾经去过位于宁海的浙东大峡谷，感觉不错，报纸上经常看到浙西大峡谷的广告，所以趁着双休日全家一起去玩，小朋友最喜欢玩水了！通过同程网订好门票，有优惠，订票也方便，即使不去也可以取消，感觉很好。开车从宁波到浙西大峡谷大概3半个小时左右，路途一些顺利，在售票窗口告知是同程网订的票也很顺利得拿到了。开始进入旅程了，从售票处出来后连个指示牌都没有，我们只好跟着前面的车，才好不容易来到第一个景点柘林瀑，那里的路正在修，而且道路狭窄，很难开，经常发生对面来车，交会相当困难，还不如就规定自驾车不能开上去，全部改成景区交通。一个小瀑布，再小也没了，就那个溜山滑梯还算好玩点。接下来的剑门关和老碓溪，看看也就那样，总之就是没有宣传的好啊！所谓大峡谷，真看不出来啊！景点太分散，话说去的前几天还来过台风下过大雨，居然也没又多少水。总之是对这个景点很失望，没有预想的好！同程网还是不错的，下次去别的地方旅游，继续找你们哦！,好评
很不错的景点，浙西代表性的风景，自然风貌，保护的很好，值得一去。,好评
浙西大峡谷是此次旅行的第三站，早晨8点从长潭村出发，行程近100公里来到浙西大峡谷，在景区门口出示了手机短信后，很方便的就拿到了门票，当时有点**，售票员问我是不是自己开车来的，来了几辆，我都老老实实地回答了，结果每辆车要收10元停车费，但是实际上大峡谷大的没边，景区只占一部分，车辆都是可以随便在里面开的，根本不需要停车费，里面也没有停车场，都是山路边随便停的，后面的玩家去的时候别说自由行哦。景区有4个景点，因为还要返回上海，时间关系，我们只玩了2个景点，老碓溪很普通，都是人造的景观，走马观花没什么意思，很失望，听山民介绍我们去了白马崖，这个要赞一下，真的很美，那个水啊清澈的近乎透明，凉凉的进去都不想上岸，一路上峡谷流水，树木成荫，在酷夏的爬山都成了乐趣，下山的时候坐的缆车，惊险刺激，我们在缆车里大喊，整个山谷都是回荡，很有贴近大自然的感觉,好评
浙西大峡谷，名不虚传。国庆带着两个孩子去游玩，挺不错的！整整一天时间游玩，很充实！,好评
浙西大峡谷共分四个景点，其中的剑门关和白马崖这两个景点比较好玩，虽然是冬天，水比较少但风景还是不错，玩起来也不累。另外，淡季最好还是自己驾车比较方便，因为四个景点都离得很远，景区班车要人多了才开，人少就得等，很费时间。同程上订票价格很实惠，取票也方便，赞一个！,好评
还可以吧，地方挺大的，有4个景点，不过有车接送还是蛮方便的,好评
总体来说不错，景区有公交，很方便，山路难开，做公家很不错,好评
景点还可以，人不多哦。,好评
很不错值得一去景区有便利的公交，徒步的时间多锻炼吧，还有旁边的农家乐也蛮好的老板们都是很热情的，白马崖是其中最大的一个，里边很大还有隧道，去感受一下吧！,好评
剑门关很漂亮。瀑布景点虽小，但是水很清澈。有当地人在钓。很神奇。,好评
几乎去了所有的点，但是有点失望的是，由于破坏的比较严重，所以，很多人工的，也就这样，里面路程真心远，不是自驾游，估计走的话，一天就只能去2个经典！我们开车半个多小时的盘山公路，几乎180度，土石就在路中央，到达天池，就一个**水谭。。真心无语。还要另外收门票。悲剧。。。总之性价比一般般不是很高吧！,好评
前一天同程购票3张，到了售票厅找写有同程的窗口，报手机号取票，3个人的票打在同一张上。出售票厅坐景区巴士直上白马崖景区，游览大约3个小时。然后到老锥溪景区，这里主要是玩，时间不够，草草走了一圈，半小时。然后到剑门关，是漂流的起点，不漂流沿着河边走，，有空中自行车朋友表去。演，不错，全程一个半小时。剩下最后一个景区拓林瀑听说不咋样就没去。老婆孩子都比较累，吃饭打道回府。总结：白马崖和剑门关一定要去，其它两个时间不够可以不去。景区的小吃喜欢小土豆和笋串，农家乐都不便宜，但味道不错，原汁原味，3个人不到200元。总之，浙西大峡谷景区值得一去，会推荐朋友同事去。,好评
首先赞一下同程客服，早上4点多从家里出发，门票是在路上使用同程app软件下的订单。7点半到达景点大门，到了售票处准备兑换景点票被告知系统有延迟要等到明天才能领到门票，听到这个我们都**了。一大早赶过来本来能开心的玩的却碰到这种情况，于是立马给同程客服打电话，客服服务很好了解我们情况后积极帮忙处理一刻钟后顺利拿到票了。话说浙西大峡谷，总的一句江浙沪地区的朋友没见到大山小溪的可以去看看。由于是淡季我们去的那一天游客较少，我们跟着一个淮安的旅行团后面走的。门票包含四个景点，前两个游山的项目较好，走进大山深谷处呼吸新鲜空气那感觉一个字爽，在峡谷中来回穿梭对于生活在都市里的人是另一种体验。第三个项目直接忽略，关于本地特色的民俗表演，人少也没看到宣传的表演逛了一会儿就走了。第四个是漂流花60块买了7人座的皮筏，然后就是坐着皮筏在小溪里飘荡十几分钟，上岸后你的浙西大峡谷之行也就结束了。感觉漂流就是一鸡肋，大家都在玩你不去玩就感觉少了点什么的滋味，如果大家游玩时间充裕可以到周围峡谷转转，有一些就是专门玩漂流的，效果肯定比浙西大峡谷里的好玩。下午两点出来回去了。,好评
本来还担心一天时间会不会不够，结果刚刚好。因为是自驾，没坐景区交通，但门票和景交是绑在一起销售的。一张票四个景点，第一个柘林瀑就在大门附近，里面就二个小瀑布，虽然景区不大，但几乎都是石阶，爬到正累时，嘿，到头了，十元坐个滑滑梯下来，倒也蛮开心的。之后去白马崖，主路路况很好，但一转弯后，山路十八弯那绝对不止。急弯很多，开得小心翼翼，每有景交从边上呼啸而过，我们一群人就在那感慨看人家好牛都不带减速哒…白马崖整体没别人说的那么好，无非就是坐坐索道，继续爬山。就下山时走的那段栈道很舒服。再来是老碓溪，这个景区也很小，大多都是些人工景观，不过看到了舌尖上说到老油车，也没算白来。最后是剑门关，感觉这里才是精华，溪水碧绿碧绿，超美。顺着栈道前行，中途欣赏走钢索的杂技，最后漂流回起点。虽说是五一出行，但景点多分散，景区也够大，反而显得不太拥挤，这点最好。,好评
浙西大峡谷就白马崖特别漂亮，上山一路台阶，怪石、涧水、瀑布，索桥很美！下山又有峰回路转的栈道，别有另一番风情！建议先完白马崖，走走停停，享受风光。柘林瀑布一般，如果有车，建议直接开车到瀑布点，否则走一圈和白马崖很类似的景观就看了两条细水瀑布，下山就是盘山公路（三岁小朋友不让坐滑梯），没意思又累。还去了剑门关，个人觉得景色一般，但高空杂技有特色，值得一去。同程一如既往五星推荐又快很方便。不过浙西大峡谷应该不会再去第二次了，里面景区的调度态度太差，硬是不让我们先到白马崖，非要先玩瀑布，浪费老人小孩的体力。而且说是一天的交通，却不让你坐第二次，没带钱都没法回车上拿。索道也停运检修，据说是安全隐患，没法用。,好评
很不错，一元还包含景点交通太值得了，景色也还好,好评
本来还担心一天时间会不会不够，结果刚刚好。因为是自驾，没坐景区交通，但门票和景交是绑在一起销售的。一张票四个景点，第一个柘林瀑就在大门附近，里面就二个小瀑布，虽然景区不大，但几乎都是石阶，爬到正累时，嘿，到头了，十元坐个滑滑梯下来，倒也蛮开心的。之后去白马崖，主路路况很好，但一转弯后，山路十八弯那绝对不止。急弯很多，开得小心翼翼，每有景交从边上呼啸而过，我们一群人就在那感慨看人家好牛都不带减速哒…白马崖整体没别人说的那么好，无非就是坐坐索道，继续爬山。就下山时走的那段栈道很舒服。再来是老碓溪，这个景区也很小，大多都是些人工景观，不过看到了舌尖上说到老油车，也没算白来。最后是剑门关，感觉这里才是精华，溪水碧绿碧绿，超美。顺着栈道前行，中途欣赏走钢索的杂技，最后漂流回起点。虽说是五一出行，但景点多分散，景区也够大，反而显得不太拥挤，这点最好。,好评
山路台阶很陡爬的气喘吁吁景区很大分为四个景点但没啥特色可以坐大巴接送去任意景点不过时间有限我们就去了三个景点整体还算满意,好评
炎热的夏天，如能去一下浙西大峡谷，玩玩漂流，打打水战，那可是很能释放解压的，就是如果不打水仗的，请全副武装好自己，因为来玩的，必定会湿身，所以请做好准备，体验一下，漂流的**吧！,好评
总之还可以，景点管理不错，乘车比较方便，景点比较散,好评
不错，有山有水，有瀑布，水很清澈。有一点可惜是漂流还不合适，水有点冷。,好评
浙西大峡谷对于江苏人来说真的很壮观很震撼，不过我觉得对于北方人来说见过大山大河的人就不稀奇了，在网上购票很方便，到达后直接取票就可以了，四个景点包括交通，其中有个老锥溪有个民俗结婚的活动是骗钱的把人叫上去，无缘无故骗了40元感觉不开心,好评
同程订票一如既往的给力，我们五个人从上海出游，哥哥三口之家加我俩一对儿，在浙西大峡谷滞留了两天半，原本计划第一天下午和第二天全天在浙西大峡谷，第三天去大明山，由于第二天的暴雨从中午下到了傍晚，导致计划乱了，其实大峡谷一天就游完，虽然四个景点，但景点交通给力！个人感觉就剑门关和白马崖还不错，由于第二天的暴雨导致漂流取消！游玩后四个大人都感觉兴趣缺缺，听当地人都推荐大明山，打算下次再出游！关于住宿，第一天由于机缘巧合我们是在桃花溪的一家农家乐住宿的，80一人，包早晚餐！晚上邂逅了好多萤火虫，很美妙的一晚！伙食也不错，这是后来经过比较得出的结论，第二天由于大暴雨正好游到剑门关就留宿在了叫剑门饭店一家农家乐，价格一样，但，伙食有点差，住宿条件也差，由于大暴雨只有凑合了！其实大家去大峡谷不用担心住宿问题，我们是周末去的，住宿也不紧张，那里有很多农家乐，价格实惠，当地人也很和善！,好评
第一次带着二宝去游山玩水。知道大峡谷有四个景点，却不知道不在一个景区，要通过景交送来送去（难怪有朋友说这个景交费是值得的）盘山公路真的挺难开，佩服司机师傅，也让我们体验了不一般的“过山车”。第一站是“白马崖”玩了一上午，那里的山峰真美，水也清澈，不时有小瀑布出现，只想用相机留住此刻的美。。。。。。（个人认为此景点是最好玩的也最有看点的）；想着一个景点就用了半天（出来后还要取号等着景交排队送去下一景点），还剩的三个下午可能来不及吧（就绕过了“老碓溪”）来到了“剑门关”说实话有点失望，对于要漂流的朋友还是值得一去的。除了高空杂技让我们眼前一亮，没太大的收获，一会就逛完了景点；最后一站是“柘林瀑”，和之前的“白马崖”有相似之处，貌似有二个山峰，只因从8点到15点没停过，感觉到自己的体力不足，爬过一座山峰，到了仙姑祠就没再上去（中间分开要过一条马路再上另一山峰）折回景点大门赶着下一路程。。。。。。,好评
第一次在同程定票真的很快捷方便，昨天就定好了今天的票，然后网上找了个农家乐，下午就出发了，可惜杭州的绕城太堵了，到那边已经快6点了，不过一路的风景真的不错，找的农家乐在海拔800米的，那个路开的来真是心惊胆战，旁边可都是悬崖呀，好在老公技术好。不过上面的空气真的好好，放眼望去，云雾缭绕风景如画。第二天6点多就出发了，先去游客中心取了票，然后坐景交去了第一个景点，觉得挺一般，后悔**了，没自己开车上去，两宝都走的累**了，下一站直接先到了白马崖，挺不错的，大宝念念不忘那个老爷爷卖的打糕，可惜下面没的卖，最后去了剑门关玩了漂流，那个老锥溪没去，看了评价都说不咋的，就没去，漂流玩好出来，差不多12点，去旁边吃了农家菜，还有一点想说，欣赏这边的人，淳朴，热情，下次还会去,好评
取票出了问题有，因为出行时间上有点赶有点影响心情，不过同程解决问题的态度还算过得去。景区的风景一般般，看风景的建议别去，散散心还是不错的，服务人员的态度总体上很不好，特别是游客中心边上几个看车的保安，帮人拉黑车，不坐的话你在那等车就等着他用那种很嘲讽的话来毁你心情吧，当然还是有个别工作人员还是很热情的。还有住宿的农家乐老板娘是东北人很热情，当地老百姓比工作人员热情多了，还会主动上前指路！,好评
取票非常的方便，直接信息看过确认了就直接取票了，我是一个人去的，游客中心的人态度非常的好，峡谷的话夏天去非常的好，有漂流，可惜今天下雨下雨。门票其实是含四个景点的，其实就白马崖值得去的。但是因时间都耗在等景区交通车上了，我们就在在白马崖白马崖玩玩了了，玩了很长时间。风景其实不错，再加上因为春季，水蛮多的，也很清的。夏天来应该更有趣，可以下水玩。,好评
确实说作为同程旅会员，优惠多多，享受多多。这次app新客专享首单购票立减，又快，又方便，又实惠，到景区门口只要在购票窗口报上手机号，很快的就取到了票，我想如果能买2张那就更完美了，因为一般都是最起码2个人出游，省的要2个窗囗拿票呢。就像我在同程选择旅游一样，可以把家人，朋友们一起订单一起出游，同时也是一起付费。自从参加了同程旅游百旅会，我大多都选择同程旅游租团，他们确实服务很好，从客服到导游，从出票开始一直到结束，都会认真的关注你，就如我的客服代振涛先生，虽然年纪很轻，但工作，服务认认真真，一丝不苟始终会关注你，关心你直至游程结束了，是个值得信任的人。,好评
自驾，从南京到浙西，住在大龙湾的鑫龙山庄，老板很热情，招待周到，价格很有良心，性价比很值。当天下午到的浙西，第二天去大峡谷，景区交通一定要坐，不然景点间的山路足以让自驾人一身冷汗。真的很险，在此要赞一下开车的师傅们！白马崖景色很美，山涧、瀑布、溪流相应成趣，爬到终点有些小累，但感觉值了。枳林瀑布感觉是小一号的白马崖，另外两个点因为看过之前的攻略不值得去，就省了个劲儿。总得来说，大峡谷景区不错，推荐朋友们去。同时，那里的农家乐很实惠，民风淳朴，人很热情。,好评
大明山风景秀丽，总海拔800米。进了大门，需要搭乘景区的小巴进山，先到上山口的停车场，往上开一段才是搭乘索道的停车场。自行上山至少要2个多小时，下山是1个小时左右，沿途可观景。腿脚不灵便的可以坐索道上下，有儿童优惠票，但无老人优惠票，坐索道的话，但大多数景点就看不到了。万米岩洞总长一千多米，现在装了灯，一头通向大明湖方向，一头通向万亩田、惊马崖。沿途基本无商贩，仅在景点处有景区的购物点，可以买些饮料、方便面。景区工作人员较少。景区部分地方尚在建设中。,好评
峡谷蛮大的，早上赶上高峰，有点乱糟糟的，没有跟团的朋友们，好多不知道怎么上车好。一共4个景区，每个景区都会检查票，千万不要把票丢了，一天游下来，时间感觉足够了，我们就漂流的剑门峡没有去，这个景点主要是漂流，我们前一天刚好漂流过了，想漂流的建议专门选择漂流的地方。我们先上山玩白马涯的，再下来一个个景点玩的，玩下来，景点这个景点好玩一天，其他一般瀑布景区，瀑布不大。这里上山吃饭便宜，小吃也不贵。买了二条娃娃鱼5元，小孩喜欢。停车场免费停车。,好评
很不错，冬天景色也好，门票购买很方便，前天晚上买点，到景区报姓名就可以了。已经多次使用同程了，很不错。,好评
整体很不错，交通景点都很好，坐中巴绕盘山路也很刺激，那天景点人很少，天气也很好，青山绿水，还有独特的吊桥，一路都很惬意哦。。,好评
景区还是不错的，虽然我只是玩了两个点。在夏天去住里面的农家乐肯定很舒服。因为过年，景区的游览车没开，自己开车进去，没想到里面修路，难走的不得了，中途打了退堂鼓。,好评
记得以前去要在景区走一天，现在好了自驾车可以直接开到景点，但是开去白马崖的山路有些险，车技不好的还是坐景区巴士，我们这次在同程买的是家庭票直接包括了景区巴士，所以玩起来没心事的。我们中午12点半才到景区大门换了票登上巴士直奔白马崖，司机师傅的过弯技术绝对牛啊，就差没甩尾了，整个白马崖不坐缆车走一圈就花去两小时，这一路走走看看景色不错，接着去了剑门关，多数人都选择了漂流，其实这个景区也不大走一走也就45分钟，个人感觉是整个大峡谷风光最好的，漂流时间太短了而且不能带相机手机更看不全沿途景色，最后由于时间来不及了巴士司机建议我们自己开车直奔柘林瀑的第二停车点就看二瀑奇观，就这样急匆匆地也算游了三个景点。,好评
本来孩子113以为不能坐皮筏，问了工作人员说没问题，打水枪特别有意思，全身湿透，务必带衣服裤子凉鞋去，有热水洗澡的，头发最好也扎起来，基本全湿，水枪容易坏，但是河水中途有两个点可以买,好评
行程很好，停车也方便，就是漂流游玩前(上中巴车前)服务员应该告之游客，不能随身携带东西，最好找地方存放，自己开车的也可以放车上，等漂流回来后再换洗，做好全身湿透准备，要不然带的东西没地方存放,好评
玩是挺好玩的。网上没有儿童票，只订了大人的，现场再去买儿童票，比较恶心的是，说我们这儿没有儿童票，都是全票，少了双溪乐园两个玩的项目，价格还要135元，当时时间已经超过8点，网上没法买，估计就是看准这点，爱买不买的意思。一家三口去玩，不可能谁不去玩吧。而且漂流好，冲洗的地方都是冷水，大人可以将就，小孩子肯定不行，那边估计都是溪水的原因，水很凉。小孩子是玩的可开心了。,好评
取票方便，取完票马上坐了免费公交去了漂流地，人不是很多，不用排队，漂流不是很刺激，对小孩子来说完全可以接受，浅滩的地方水不深，可以下船玩一会，还是蛮不错的。牛车有点坑人，没什么必要做，走走也是一会会就能到的,好评
同程购得的票，换票很简单，车位紧张。感觉还是不错，小孩玩的很开心，建议出行游玩的鞋子最好是鞋带的凉鞋，不怕鞋子冲掉。雨衣基本没有用，经过几个水比较急的地方时水会溅到身上。,好评
小孩玩的很开森，因为我10年前去过，所以会有对比，水没有之前清澈，竹筏的距离好像短了，商业气息更重，竹筏登岸处都是烧烤，味道比较重。景区门口的厕所相对于其他景区好多了，在河边唱歌的两位阿姨很热情，有船路过就唱。,好评
去的不巧，遇上景区开闸泄洪，不能玩皮筏有点遗憾！不过对于孩子们来说只要有水都开心的！同程的服务也不错，皮筏因为不能漂退款很快，很满意！总的来说，双溪景区有点荒不值这个票价！,好评
这次的坝上草原游玩，一路的风景如画，还有避暑山庄，小布达拉宫，雄伟壮观，感谢陪伴我们一路的李海涛李导，讲解的十分仔细，还一路的给我们拍照，特别是我们一个团队里，有几个年纪稍微有点大的老奶奶，照顾十分招到,好评
去的早排队人还不是很多，不是刺激的漂流，就是在小溪上漂漂，有时候还需要划一下，但可以随时在树荫下停下来休息，玩玩水，总体还是不错的，玩的很开心！,好评
适合小孩子的皮筏漂流，女儿1.1米也可以漂，但是要购买成人票，出行很方便,好评
同程购票比现场购票要优惠很多！只是要提前一天订票。当天网上订票是出不了票，取票时工作人员告知。竹筏漂流中途让你停一会玩水其实没必要花那个钱。直接到终点可以尽情嬉水！一定要带好换洗干净衣服。上来时没一个衣服干的。孩子们玩的很开心！,好评
不错的漂流体验，小孩子玩的很开心，水很清，环境真心不错，去的做好湿身准备，备好换洗衣物,好评
同程购票方便，也便宜些，取票也很方便。景点，不刺激，好玩。服务还是蛮周到的。就是换衣服时冲的水蛮冷的。有点小贵。,好评
牛车绝对是特色，竹筏虽然不是特别刺激，但是适合十一的这个季节和孩子老人玩！下水不冷，太阳不晒，景色宜人，空气清新！,好评
风景不错，最大的特色就是坐牛车，竹筏很舒适，不用自己划，不是刺激款，年轻人更喜欢皮筏，不对得自己划。,好评
这个漂流么不刺激，划皮筏很累，幸好坐的竹筏，欣赏下景色，过口坐的牛车倒是很新鲜！,好评
本来以为游乐项目是大人带小孩玩的，到了才知道是一张票就一个人玩，不论大人孩子。景区和交通也是这样。抱在手上的婴儿都要票。玩到一半还碰上景区泄洪，没法游泳了。这都不怪同程，所以还是好评吧！拿票还是挺快的。,好评
玩的很开心累了还在浅滩休息看到了大水牛总体感觉不错,好评
说是枯水季节划水比较吃力还送了牛车的票，儿子玩的很高兴。,好评
双溪漂流一入园就给了我们一个大大的惊喜，就是牛车！小朋友们好高兴的，我也是头一次坐牛车，哈哈，水牛还是蛮苦的！漂流的话老人小孩都适合，不危险，就两个小坡度，就是裤子容易湿，漂流结束里面还有游乐园和马场，就是要另外收费的，旁边还有免费游泳哦~~不过我们没游，水太凉，泳衣也没带，只能看看~~~出去有电瓶车，每人十元，我们没坐的，步行出园（其实也没多远的）路两边都是竹林相当舒服~~,好评
杭州市区一路公交过去花了2.5小时，当天周一人不多，天气给力，温度不是很低，太阳不是很厉害，切记全身湿透，如果门票含乐园的要保管好，几个激流觉得不是很过瘾，快到终点的浅滩小朋友玩的很开心，注意终点处是没有中巴送回售票处的，要不花钱坐牛车，或步行，也没有多远，在竹林中散散步也挺好的，,好评
风景不错，竹筏适合老人小孩坐，不刺激很安全。就是小孩子也要买票，性价比不高呀，连抱在手上的婴儿都不放过。,好评
购票取票没啥问题，景区管理有待加强！迟早被人大面积投诉！,好评
还好提前同程买了票，那边去的晚都没有票了，去了也白去，那些觉得可以到那边买票的只能买黄牛的票了。这几天漂流真的也是够呛，中国人可真的多，炎黄子孙。一到周末全跟放飞的小鸟，全出来溜达了，景区这个队伍吓**人的。排队领票，如果是**票要排三次队，我同程买的基本没排队，皮筏漂流是11点开始。我们12点多吃好饭去排队。这个队伍吓**个人。周末出去旅游真的不是什么好的选择。好不容易到达漂流点，继续排队。虽说漂流一个小时。但是排队真的等了有大半天。总归是累的。衣服没有飘湿。已经汗湿。终极体验就是累。哎。算了说多了都是泪。,好评
早上9.30到，桥对面就是一个免费停车场，相当好。然后就是换票。这里说一下，如果竹筏飘，那就是做牛车去漂流点。座皮筏艇就是坐中巴车去漂流点。两个飘的起点和终点是不一样的。然后就是皮筏漂有4.5个好玩的地方，还不错不是十分惊险但是也还可以蛮好玩的可以自己控住时间中途可以下来岸边休息。到终点后，坐竹筏柴油机船到岸边，然后可以选择牛车或者自己走到大门。坐竹筏个人感觉太**，很不刺就是坐在筏上面靠船夫撑，无聊。所以建议想开心一下的还是皮筏漂流。另外讲一下，皮筏漂流没有儿童票，价格都一样，同程票价很优惠，现场光票价就是125另还要买车票，所以建议同程买。,好评
算起来，这是我近几年来第三次来双溪漂流，不同的是，前两次是公司组织的集体活动，而本次是与家人一起来游玩的。牛车依旧是那么缓慢，竹筏依旧是那么陈旧，河水依旧那么清澈，竹海依旧是那么浩瀚。不同的是，漂流的终点处增加了几处游乐场所，给儿童平添了几份向往与留恋。而露天免费的天然游泳场所，吸引了一大批人在此欢快地畅游。更有一些小孩拿着网兜在浅浅的河水中捕捞着小鱼，尽管捞不着，但他们仍乐此不疲，连大人们也加入捞鱼的行列。饿了，岸边有烧烤摊，约上三五知己，租个烤炉，买些食材，在风景如画的河边一边吃着烧烤，喝着啤酒，一边看着欢乐的人们在与大自然亲密接触，岂不快哉？吃饱喝足，该回家了，你可以坐上电瓶车领略沿路竹海奇观，也可以选择步行穿越竹海，徒步走回镇上。一路都是风景，一路都是欢声笑语。杭州到径山镇真的很方便，不信？你自己试试就知道了。,好评
虽然天很热，但是水还蛮凉的，落差不是很大，到玩水玩得很开心！,好评
在时间把握上，我们有点吃亏。我看到景区是8点半营业，我们8点一刻左右到景区接待中心，被告知，同程的名单还没到，但其他网站的名单到了，我报说，同程订票，那里的服务员马上就说，同程的早啦，再等等，起码要再一刻钟。终于等到名单传真好，票换好，景区巴士又等了很久，不到9点，人家车门都不开，晕，由于漂流，手机啥的都没带，时间都不知道，估计终于9点了，车开了，到了皮筏起点，又被告知，水不够，再等一个小时，我们只好等啊等啊等啊。终于水位够了，出发，确实一点点刺激加平稳路段，但是到了一个坡度，又说水不够，不能过，我们只好像公园划船那样，在一个稍大的湖面上边划船，边等，然后就是漂流，适合带小学的孩子，不是很刺激，对于追求刺激的朋友，可能这个漂流太温柔了。,好评
今天去下雨了但是不影响漂流玩的很开心,好评
"首先说下好的把，进入景点最先是乘牛车,很有新鲜感,不过有些颠簸,瘦小的人要注意抓牢点,一路上的风景很好,细竹林很幽静,空气也很清新,等到下车了还是意尤未尽.然后就是竹筏漂流了,这里要说下,如果去的人少的话还是竹筏好,可以沿路欣赏风景,中间还有戏台,还可以拍照(虽然推荐不要带,但是偶还是带进去了,只要在那两个落差的时候用塑料袋子包起来就好了,别的地方你可以尽情的拍,竹筏很稳的还是,呵呵).当然人多的话,就去皮艇,大概8个人一条,然后尽情的划啊,打水仗啊,很爽!!!再说下缺点把,交通不方便,乘车乘的头都大了,还要一路问下去.总体而言对这次出行还是很满意的.",好评
"首先说下好的把，进入景点最先是乘牛车,很有新鲜感,不过有些颠簸,瘦小的人要注意抓牢点,一路上的风景很好,细竹林很幽静,空气也很清新,等到下车了还是意尤未尽.然后就是竹筏漂流了,这里要说下,如果去的人少的话还是竹筏好,可以沿路欣赏风景,中间还有戏台,还可以拍照(虽然推荐不要带,但是偶还是带进去了,只要在那两个落差的时候用塑料袋子包起来就好了,别的地方你可以尽情的拍,竹筏很稳的还是,呵呵).当然人多的话,就去皮艇,大概8个人一条,然后尽情的划啊,打水仗啊,很爽!!!再说下缺点把,交通不方便,乘车乘的头都大了,还要一路问下去.总体而言对这次出行还是很满意的.",好评
今天上午与家人上午9时左右到达双溪漂流，通过同程网订的三张成票，因为我们是二大一小，小的一米三左右，原准备是购二张**票一张小孩半票，结果在双溪漂流，小孩超过一米二就要购全票，幸好通过同程网订了三张**票，二百七十元购了三张**票入内，先坐牛车到漂流点，孩子第一次坐牛车高兴得不得了，再经过一个半小时左右的漂流到达终点。一路上只有二处还能说是有落差的点其余的都是在水面上漂。总体来说还是十分舒服的。到了终点听工作人员介绍是要坐景点公交车回停车场，说是路较远，要二公里多，其实最多也就一公里左右，沿溪走就二十多分钟。我们就是走回去的。省了二十五元钱，大人十元，小孩五元。还游览到了双溪的竹海。坐车就没这幸运了。总体说双溪漂流对于休闲一族来说是不错的选择。同程网订票的确十分方便。但要注意小孩超过一米二要购全票了。,好评
还行吧，小朋友很喜欢玩，去过了一把漂流的瘾，就是排队有点久，景区工作人员管理有点混乱！,好评
比较满意的一次出游，因为带了小孩所以选择了竹筏漂就2个坡度不是怎么刺激，但和别的船打水战还是挺有乐趣的我们3个家庭3个小孩玩的不亦乐乎全身都湿透了终点有免费的游泳区人挺多的还有烧烤就是租个炉子100元有点小贵游乐园里的项目不怎么好玩。如果年轻朋友还是去皮筏漂漂流好了之后我们去了山沟沟那里空气不错景色就一般吧我感觉适合老年人去吧,好评
同程购票，取票也很方便，停车也很方便，带着小孩去玩的，还不错，就是漂流时间不是很长，大概一个小时多点，感觉没有尽兴。,好评
"景区总体印象不错。漂流分竹筏和皮筏两种，价格相同，可随意选择。竹筏有艄公，平稳、省力，缺点是时间较短；皮筏需要自己手划，便于自己控制行程，可以玩的尽兴。我们一行20多人，8个壮男选择皮筏，其余老弱妇孺选择竹筏，都玩得很开心。最精彩的是打水仗，不论认识的还是不认识的人，都激战在一处，每个人身上都没有干的地方了。在这种酷暑难耐的夏日里能够尽情地玩水，无论是大人还是孩子都是莫大的享受！景区如果能在终点处设置更衣处就更好了，我们是浑身湿漉漉地回到车上的,很不舒服。",好评
同程定的票，有优惠，换票也很方便，景区的情况与门票还是有点差距，景点的票能便宜点更好，毕竟出游的成本也不少。,好评
在此填写您此次游玩的整体感受，包括对同程网提供的服务评价、对景点的吃、住、行、游、购、娱等方面的感受。,好评
8.12去了双溪漂流，比想象的人多。天气很热，在出发的时候买了一顶太阳帽，很时髦，也很实用。搭乘景点的公交车，来打皮筏艇漂流起点，在服务员的帮助下穿好救生衣，我们开始了一段惊险而浪漫的漂流。河面很宽，水看见来很浅，导游说因为台风的原因，这几天水有点浑浊。水面落差不大，我们有点失望，漫不经心的划着小浆，很快到了第一个渠口了，小艇顺势栽下瀑布，谷底的浪头朝我们扑面而来，我们被淋个透心凉，突然船身一顿，艇尾落下了，又一个浪头从背后袭来，完了完了，我们三个人包括小艇都被水淹完了。不待我们整理好，又迎来了下一个缺口，老公举着相机想拍摄一段刺激的旅程，也许是注意力不集中，一个浪头把他掀出小船，掉进水里了，我和儿子吓**了，还没呼救，老公抬起湿漉漉的脑袋，笑嘻嘻的笑骂着，我们才开始哈哈大笑...他的眼镜落水了，拖鞋被冲走了手里的小浆也不知去向。慢慢的到了最后一段稍微平缓的水面，大家都有点累了，懒洋洋的躺在小艇上，随波飘荡，有几个勇敢的男士，把小艇翘得老高，划着水花，顺着水势，在水面来回转圈，想是跳了一曲水上芭蕾，更有高兴的唱起了山歌....,好评
在此填写您此次游玩的整体感受，包括对同程网提供的服务评价、对景点的吃、住、行、游、购、娱等方面的感受。,好评
上海出发，路程还算可以，3小时到达目的地。游客中心换好门票，乘汽车进去到达漂流地，一路漂流，一路打水战，全身上下没有一个地方是干的（做好防湿准备也没用的），漂流终点站上岸后要走一段路，也可以选择牛车，停车场那里正好有换衣处，只是只有凉水，太冷了，不能冲凉，插插干，直接换衣服，最好园方能改变一下。大家玩的都很意犹未尽，下次还会光顾。,好评
风景很美，漂流很好玩，就是时间短了点，要是再漂得久一点就更好了，还有就是收费项目太多了，往回的路程还要收费,好评
利用中秋节小长假，组织了一帮好友到杭州双溪漂流游玩，通过同程定了门票，已经多次和同程合作了，一如既往的方便便捷，到了景区大家都选择了皮筏漂流，因为选择了皮筏漂流所以我们只能选择坐中巴车转运到上游，错过了传说中的牛车。整个漂流有几个小急流，比较刺激，另外在水浅的地方很容易搁浅，要下水推行。总之大家玩得很开心。,好评
推荐大家先去山沟沟住一晚上，很便宜90一个房间，很不错，然后早上8点半沿着一条湖就通到双溪镇了，路过一个水库，一座别致的桥，人很少，风景非常不错，关键是没啥人，自驾一路上非常的惬意，双溪漂流换票很方便，直接全部都换好了，没地方放，游乐场的票都是一张纸，于是买了手机套15块2个，装起来好些，然后建议大家自己带一条毛巾和洗发水外加一套衣服，漂流完绝对是全身湿透，有冲凉换衣服地方，停车10块钱。一定要擦防赛霜。,好评
双溪漂流确实如很多人所说，不是特别刺激的，不过这次正好带妈妈去，所以还不错。订的是皮筏漂流，个人认为应该比竹筏好玩，可惜就没有牛车做了。怕挤，所以到景点时还很早，等了半个小时才能坐景区的车过去，到了漂流的地方发现，又去早了，还在防水中，所以只好又等了大半个小时。去皮筏漂流准备工作还是要做好的，最好是中裤、凉鞋类的，因为真的会全身湿掉。全程比较刺激的地方有几处，最好是还能再多点再刺激点，中间有很多地方需要手划，考验划船水平的时候啊，否则就要原地转圈了。整个漂流下来，感觉还是很开心的，下次有机会再去尝试下更刺激点的。,好评
本来想去更刺激惊险的地方漂流的，可是老公第一次漂流，觉得有点紧张，血压有点高，所以选择了不太刺激的双溪漂流。整个漂流的过程非常愉快，完全是一次非常彻底的湿身漂流，这是我第三次漂流，一次在桂林一次在黄山，感觉3次漂流当中，这次漂流最开心啦，主要原因是一个非常有趣，整个漂流的距离大约有两公里，我们玩了两个多小时。n一起漂流的不管认识或是不认识，相互之间泼水，打水仗，玩得特别开心，因为我的实在太开心了，水也不深，浅的地方大概到膝盖。所以很多人都忘乎所以了。老公和女儿都下了皮筏，在外面玩。结果因为到下流的时候，水突然之间流速加急，女儿抓不住筏子，不得不松手，等到爬上皮筏才发现，脚背被石块划破了，伤口大于四、五厘米的长度，而且很深肉都翻开了，不得不到卫生所缝了3针。这最后的插曲，使得这次游玩成了一个痛并快乐着的旅程，印象深刻，这真的是乐极生悲啊！敬告其他想去玩的游客，不要重蹈我们的覆辙哦。,好评
一进景点门，就看见三三两两的牛车在等我们。听到前面在吆喝，20人一个牛车。我们上了一个牛车，只听车主说：走，牛就开始摇头摆尾的走了，不停的扇着尾巴，味道挺好的，想不到牛有这么大的力气，居然能载动20个人，呵呵。我们在皮艇区下了，我和老公，女儿一条船，一条属于我家的专船，哈！我们在船上和其他船相互攻击，好像回到了小时候。不过惊险的还在后面，漂流的时候，一开始还不怕，随着速度越来越快，有点担心了，我干脆坐在地上，怕！最后的时候，因为冲击的力量，大浪打过来，水花很高，一个浪头，水冲到脸上，船里全是水，衣服也湿了，好刺激，呵呵！下船后，还有游泳的地方，女儿跑去游了一圈，挺高兴的！下次有机会在去玩玩，蛮有趣的，呵呵！,好评
双溪是比较边上的，建议当天游玩，住宿我们去杭州的，提前同程预订比较好，因为杭州市中心旅馆价格太高了，很脏的都要500多一晚，真的很雷人，还好自己开车，找了找，找到300的连锁旅馆，房间也只有两间，住宿比较困难。双溪附近的食物也不好吃，出门在外不在乎，最主要，双溪的服务挺好的，不像有点的景点不理人，总得来说用同程比较方便，以后订好计划，订好旅馆再出门！！！这次是自己的失误。,好评
网络购买的票，取票很方便,好评
"我们是7月7去的，公司活动,发现通过网上预订可以便宜很多，预订很方便，从杭州出发，自己包车大概90分钟车程，一路风光还是不错的，第一次去要多看路牌！到了后取票进场，发现好多的牛在洗澡这在城市里是难得一见的！做年车发现牛是怀孕的问了牛老大，说牛不劳动，要难生！大概200米后就可以选择，皮筏和竹筏！喜欢刺激的建议皮筏！一路上风光很美，水还是比较大的，有2个比较刺激的落差，小孩子一定要抓好！大概1个多小时，到终点！还有其他水上活动可以参加，建议漂流中多几个落差！这样才更刺激",好评
还行吧，小朋友很喜欢玩，去过了一把漂流的瘾，就是排队有点久，景区工作人员管理有点混乱！,好评
我们是自己打车去的坐公交回的，网上一些信息需要及时更新，我们提前在网上查到可以在黄龙体育中心坐车单程车费7.5元到双溪漂流，结果到那里得知黄龙木有车，悲催！为了赶时间就从黄龙体育中心打车到双溪，实地打表显示126元，无德司机要价200元。景区的漂流线很长，我们玩的竹筏，有人划船的，正好中午时分人不多，只有自己人内战，水仗打的不过瘾。如果想过瘾还是做皮筏，看到皮筏的人打的好热闹，都带着小盆笑瓢的泼水更赖斯！整个过程换不错，下次再去！,好评
景区人多排队要好长时间，不过网络取票方便！,好评
现在的双溪漂流改了，价格也比以前贵了。我们是玩皮艇的，年轻人嘛就自己划，全当减肥，自己划比较有意思。水流还是比较ok的，就算不划也会自己漂的，水比较浅，有一处地方倒是都是石头在下面，大大小小的。动不动就卡住我们的皮筏了，还要下水去推，好烦人的。碰到爱玩的朋友一起打打水杖，还是很开心的。玩的蛮尽兴的。还是觉得路线短了点，漂的地方少了点，这样玩玩太快了。而且玩皮筏的还得自己走到游乐的地方。比较郁闷。,好评
自驾过去的风景已经很写意，交通还算方便。买票也很迅速，有小巴带到漂流起点，整个河道有激流有缓坡，玩的很尽兴。,好评
周末和好友一起到双溪漂流，景区人很多。不过在同程网订票即便宜好多，又方便，到接待中心拿好预定券后直接到售票处买票即可。我们选择的是皮筏，同程网上的优惠力度也最大！而且皮筏刺激。由于当天玩的人很多，在漂流途中，除了享受3处落差漂流外，大部分时间是水战，到漂流结束身上没有一处使干的！,好评
玩漂流就不要想着拍照这倒是真的～记得带备选衣物，拖鞋(不过拖鞋买买还是很方便的)，因为会湿…主要是伙伴们打水战的缘故感觉还蛮好的,好评
是孩子上学的前两天。暑期快结束了，带着她放松一下。因为觉得竹筏漂流太没感觉，就定的皮筏漂流。总体来说，皮筏漂流不算惊险的，除了两三个人工的坡外，基本上算是比较平缓，偶尔会有几处浅谈，可能会搁浅，但总体上小溪流速不快，可以在流速缓慢的地方打水仗。呵呵，可开心了，大人小孩玩的都很high，认识不认识的都打成一团。所以推荐皮筏漂流，一定要带好换洗衣服，嗯，还有大威力的水仗武器。,好评
拿票不算方便~先要到团体票的地方拿证明单，再到售票处取票~~虽然路不算远也就100-200米~~不过我们去的那天雨非常大~~短短的这点路裤子到湿了一半，整体一般~~落差不算很大哦~~水质前半段很干净~~后半段泥浆水混入~~总体网的还是挺开心的~~就是衣服全部湿光了~~漂流结束的那段步行的路很灵的~~真正的青山绿水~~还有大水牛。慵慵懒懒的在水中附着,好评
值得一去的好地方！将近一小时的漂流。。时而幽静时而刺激。。最爱从上往下冲浪的感觉。。水花溅了一身。。。。很爽！除了漂流还有戏水区。。可以游泳。。溪水很舒服。。旁边的烧烤也不错。。碳烤的。。很香。。其他还有许多。。游艺区。。。表演区。。都挺不错。。,好评
玩得还可以。换完衣服忘记拿眼镜了，转个身进去已经没有了。。。有点郁闷。换票的时候，服务大厅里所有的队都排了，轮到我就说同程的订单在隔壁，让我重新排队，幸好人不是很多！！不然排队换票要郁闷**的。这里排了所有的队，3个。然后外面排队付钱，然后等车排队。。。,好评
环境清幽水流平缓可选择猪排或皮筏,好评
杭州双溪漂流值得一去，最好在8~9月，10月份打水仗的人少了，缺少一点漂流味道，但是风光还是蛮好，特别是自驾游烧烤，在漂流终点有个自助烧烤区，50元2小时。还是不错的。记得带上烧烤食品哦。,好评
游客中心的自动取票机坏了，和团队挤在一起在柜台取票，等了好久。大多都去皮筏了，带着小小孩玩竹筏，人都没几个，水干净，竹筏就是免费天然泳池，不深，能站，好多人玩，但也看到好多人脚被水下石块划破，待改进，这里也可以自己开车进来游泳，不用买票哦，再往里去点，就是乐园，如果不是买了5选2的票，单买还是很贵的，1米2以下只能玩玩碰碰车，孩子开心就好啦，,好评
很适合自驾游，有导航仪很好认的，家庭一起出游。那里空气很不错，也不是太热，漂流觉得皮艇比较好玩，自己也可以控制时间，我们还下水玩了呢（呵呵，门票上说是不可以的）。提点建议，在水上很舒服，太阳直晒也没有热的感觉，不过回到家手臂上都红了，可见紫外线还是很强烈的，所以还是建议要做好防晒的准备。整体感觉还是很惬意的。,好评
人非常多，一共排了三次队伍，景区摆渡车（一开始秩序有些不好），然后是等待乘皮筏的又是很多人，再天气炎热，一度想放弃。不过，还好，女儿坚持下来，我们总算排到啦。觉得还是很值得，后来天空下去雷阵雨，却丝毫不减我们的游兴，几次很刺激的冲浪，把我们全身从里到外全部湿透，非常过瘾。好像从小到大还没这样玩过。两边的景色也很美，水流清澈，还有野鸭嬉戏。。。。上岸，要等百渡竹筏，还好，全身湿漉漉的，也不热，一会儿功夫就到对岸啦。。。。,好评
因为带孩子出来玩儿，为确保安全，选择了竹筏漂流，缺少了惊险和刺激。且因刚下大雨，水极脏，加上漂流的人极少，不好打水仗。所以感觉不怎么好玩儿。买的套餐，本含双溪乐园娱乐项目，也因下雨，全部不开放游玩。好歹协商后，让几个孩子玩了一会儿碰碰车(>^ω^<),好评
这个地方温度比较适宜，水也很清澈，比较凉快的，竹筏漂流很平稳，皮筏的话比较刺激，差不多有4个冲浪的地点，身上会打湿，整体还是比较浅的，不用担心落水危险，沿途也有人照看。不管皮筏还是竹筏，都适宜打水仗。游玩过后还可以去相聚十多公里的山沟沟，风景很好。双溪镇上有个叫双溪人家的店不错，饭菜味道可口，人均40.,好评
景区的环境还可以，就是感觉价格有点偏贵，而且竹筏漂流的人是比较多，个人觉得漂流以后感觉没什么意思，还是皮筏比较有挑战和刺激性，以后有机会会继续体验皮筏，竹筏漂流到终点，上岸以后自助烧烤的地方感觉太贵，租个烧烤架子就80，只的还另算，游乐场也还在修建之中，可玩的东西太少……,好评
10月1号上午10时到的景区，到服务中心办理了同程网上的购票手续，三人省了共计60元。坐着牛车慢悠悠的行进的竹林小道上，让人仿佛又回到童年在生产队放牛的日子，女儿既担心又兴奋。我们选择的是竹筏漂流，溪水清澈但有点凉，否则打水战是免不了的。两岸风景优美，远处山色清秀，溪水中还有老牛，好一副田园景象。闭上眼睛，有一种特别心静的感觉，真想就这样一直静静的漂下去。,好评
这个地方温度比较适宜，水也很清澈，比较凉快的，竹筏漂流很平稳，皮筏的话比较刺激，差不多有4个冲浪的地点，身上会打湿，整体还是比较浅的，不用担心落水危险，沿途也有人照看。不管皮筏还是竹筏，都适宜打水仗。游玩过后还可以去相聚十多公里的山沟沟，风景很好。双溪镇上有个叫双溪人家的店不错，饭菜味道可口，人均40.,好评
竹筏漂流真得只是适合老人和孩子，非常悠闲地过程,好评
"风景不错,娱乐设施很多,虽然漂流的人不多,没有实现打水仗,但玩的还是很开心.",好评
环境是不错就是价格偏高了，同样价格的话，能玩到很好的地方，也能得到更多游玩时间，这个漂流实在是一会会，，打水仗人多很开心，人少就吃亏了。。但是整个旅途就花了1个多小时，却花了很多坐车时间，性价比来说不是很高。喜欢玩水的朋友还不错，很适合。,好评
取票快捷，入园方便，略有优惠，主要是为了避免高峰排队费时。订了竹筏漂流，先做牛车到漂流出发点，然后乘船，途中可以与其他漂流船打打水仗，虽浑身湿透，但也不亦乐乎！只是刺激度还稍欠，到终点可以免费游泳，很浅溪水，边上烧烤可以租用，有乐园，不过设施一般！,好评
带孩子体验一下竹排漂流，天凉，人不多，竹排漂流还不够刺激。,好评
快到双溪的地方在修路，绕了个圈子过去的，路还蛮好开的。景区蛮好的，就是在卖水qiang的地方，有个小朋友在买水qiang的时候，把水打在地上，泥水都溅在我们身上了。景区不大，上午10点多到的吧，漂流完，看完表演等，下午2点半就出来了。竹筒饭小贵20元，那个关东煮还可以。3个人吃了20元都不到。,好评
双溪漂流，小伙伴们都玩high了，赞！,好评
不错，空气清新，特别带小孩去玩很好的。但车出入、停车都要收费，好像不是很合理。,好评
整体玩的还是不错的，,好评
环境优美性价比高，交通便利，周围饭店菜肴便宜味道好！到夏天会再次光临。,好评
7月7日早早的带着爸妈，老婆和孩儿们开车到杭州西溪游杭州双溪漂流，出门的时候镇江还有点小雨，但是到了浙江地界情景就不一样了，虽然没有多少太阳，但也勉强算个好天。早上九点我们到了目的地，按照同程网的提示来到服务中心取了票。西溪漂流有皮筏和竹筏两种，皮筏刺激，竹筏安全还可以看看四周的风景，各有所长。,好评
遍地竹林，苍翠欲滴，竹回路转，清凉逼人。乘坐老牛大篷车观赏竹海。竹海漂流，洗手濯足，冲飘过坝，有惊无险；在这里真是年轻人的天地，到终点还可以在娱乐区踩水车、荡秋千、骑骏马、蹦蹦极、坐高空气球、跳竹竿舞、走迷宫、吃烧烤、品尝农家菜、竹筒饭。,好评
“江南第一漂”名头太响了，可惜这个漂流只是坐着竹筏游览了一番，实在谈不上“漂流”二字。不过，两岸的风景的确可人，江水也清澈。顺流而下，的确也可以散散心：看远处青山叠翠，近处水清可掬。带着照相机，又庆幸又遗憾，如果不带，风景错过，但是带了，不敢放手和别人打水仗。那么长的路程，不打水仗也怪冷清的可惜。,好评
终于在网上找到我们家小宝也可以的漂流，孩子们玩的都很开心最主要的是水很清澈。,好评
第一次漂流，听说皮筏比较刺激，所以我们一大帮人都选择了皮筏，整体感觉还是挺好玩的，大家互相拨水，全身都湿透了，这么热的天还能凉快点！就是很快就到了终点，感觉还没尽兴呢！如果坡道再多点，陡点，路程再长点，我相信会玩的更开心！,好评
开通的plus会员购票时有两张是优惠票价，网购票到游客中心有专门的取票窗口，也很方便。去游玩的时候不是周末，所以人不是很多。皮筏艇漂流比较刺激，时有高低起伏的坡度，建议换泳衣下水，不然就湿身了。漂流结束上岸后孩子说，下次还想来玩呢！,好评
10月2号去玩的同程上买的票，比现场买节约了25元，可是小孩玩皮伐没有半票买必须买全票。漂流时水流还不错，穿了雨衣还裤子全湿，孩子们玩得非常开心，都要再玩一次。明年再带孩子们玩。,好评
到景区接待中心拿好预订信息单子再到售票中心购票，距离很近，操作也很方便。牛车很好玩，就是老牛们真的辛苦了，拉不算数还要被抽鞭，漂流很带劲的，大家相互玩耍，意犹未尽。,好评
网上订票很方便，到景区取票也很顺利，同程网服务也很好，会提前通知你出游注意事项，美中不足的就是优惠折扣还太小，还有希望能跟景点沟通好，在网站上做详细说明。象这次出去漂流，水小差点就不能漂。,好评
皮筏漂流很刺激，10月4号下午抵达景区游玩，溪水一点都不冷，相约几个好友出行还能玩打水仗，但1.2m以下小朋友只能玩竹筏，不能玩皮筏，只能在现场又补买一张成人票，有点坑爹！总体而言，同程出行很方便！,好评
同程订票很方便，取票也方便。对景点不是太满意，只开始遇到三个激流，后面太平稳了，连我九岁的儿子都嫌不够刺激，有些地方不划浆皮筏基本不动，漂流变划船了。储物的地方离换洗处太远，而且换洗处只有冷水。漂流后有竹筏送，送的地方离换洗处还有很远的距离，看到有送到距离近的竹筏，一问要另外交钱，商业气息太重。很喜欢漂流，去过的漂流点双溪算比较差的了。,好评
交通很方便，同程订便宜二十多元，正好是漂流的季节，水量很大，孩子们玩得很高兴，整体不错的，周边的饭店口味一般，性价比不高，旅游景点都这样！,好评
同程的订票、取票很便捷，同程的服务很好。玩的很开心，就是漂流的路程短了点，有点意犹未尽的感觉。有了同程方便很多，下次还会来订票的。,好评
景点一般，漂流也一般，跟天下第一漂这个名字有点出入，建意不要抱太大的希望，就不会那么失望。只有几个小险滩，没有什么传说的那么好。我们坐的皮筏，竹筏估计还有没劲。建议去该处的盆友们：1.最好是换好游泳衣去，因为身上的衣服肯定会从里到外全部湿透。2.准备好一个小水瓢，皮筏下滩的时候会进很多水。3.相机啊，手机啥统统不要带，会泡在水里坏掉。或者买个封口袋挂脖子里。4.多带一双鞋子或是穿拖鞋，鞋子湿没的换的。,好评
终于在网上找到我们家小宝也可以的漂流，孩子们玩的都很开心最主要的是水很清澈。,好评
已经去过一次了，这次是第二次去了，山青水清漂流尽兴，暑假带上小孩大家一起开心去。漂流好玩，其他的景点例如鬼屋大舞台之类的建议就不用去花钱了，没意思。,好评
孩子玩的很开心，5选2的项目后来都没有玩，都在那边看牛了,好评
真的是超赞啊这个漂流就是这个票有点不给力当初没细看定的竹筏漂流后来去景点补差价20一个人玩的皮艇漂流但是牛车就没有了漂流时间玩的蛮长的都是自己拿浆滑打水仗特好玩,好评
同程预定满意，会常用。漂流线路很好，刺激，风景也不错。问题：人满为患，景点缺乏应对，排队一个多小时，等候处设计不合理，缺乏管理。,好评
牛车坐的太有风格了，漂流的感觉非常爽，如果多两道刺激的过道那就更好了，烧烤吃的也非常实地，和其它玩过景区比，还是还有意思的，值的一玩，有机会我会再来的,好评
第一次去漂流，选择了双溪，因在同程订好了门票，所以非常省心，漂流非常好玩，不愧为江南第一漂，強烈建议大家去游玩前在同程预定门票，既省心省力又省银子。,好评
此次带着孩子一块去双溪，那边有皮筏和竹筏，因为孩子还小只能坐竹筏，竹筏是坐着牛车去检票口，对孩子来说蛮新奇的，觉得特别好玩。景区内有烧烤区和游乐园，游乐园玩的东西不多，价格偏高，而且都在检修。,好评
整体感觉还不错，带小孩去玩比较合适。漂流全程时间还是短了一点，没看时间，估计一小时不到。有落差的刺激的地方有三处，浪花会扑面而来，湿透全身。我提醒小孩坐在中间，抓紧皮筏，以免落水，而旁边是石头，危险还是存在。一路导航过去，走了一点弯路，指示牌如能再增加几处就更好了。同程网不错！,好评
整个漂流很有意思，沿途风景也很美，唯一感觉不好的就是船工的态度，骂骂咧咧的，阻碍了大家的玩兴，建议下次大家去玩的话玩自划的皮筏艇会更尽兴，还有别忘了多带套衣服，打水仗结束后可以换下，这样玩的会比较过瘾。,好评
景点环境不错，我们是选择橡皮艇漂流的，感觉很好，还能打水仗，一个多小时的划艇时间很快就过去了，特别是两个坝上冲下去的很刺激，水打在身上的感觉很好，下次还要多邀点朋友一起去。唯一的小遗憾，就是到景点去的路上有些坑洼。,好评
玩得太开心了适合全家出行小盆友高兴的回来一路兴奋得不行表示明年夏天再来！,好评
双溪漂流还是皮艇的好玩，因为是带孩子去的，身高没到1.2米，只能选择竹筏，先由牛车送到上竹筏的地方，也挺有意思的，竹筏漂流整个下来在一个小时左右，还好有两次冲落差，溅起水花，坐在最前面的下半身会湿透，很过瘾，不然会觉得比较平淡，到终点后有个露天浴场，水清，比较浅，可以下去，后面是瀑布，感觉被包围在大自然中，适合城市的人去慢慢享受一下。,好评
同程购票方便，就是小孩子1，5米以下都要票。坐的竹漂流不够刺激，就两个坡度，比较平稳！终点站大家都在游泳，但是说是禁止游泳的，水不干净，没有浴室冲洗！环境还是不错的，年轻人还是选皮划艇好，带点泳衣干的衣服还是必要的！！,好评
天冷了，没什么人游玩，。前半段水很清很干净，后半段水脏得不能形容了。不过服务人员还是很热情的。玩的半深湿后，还给老姜茶喝。,好评
公司组织的，一共22人，从杭州开车去一个小时多一点。玩的是皮筏两个人一个小船，需要自己划的的。感觉比竹筏要刺激，竹筏是人坐在椅子上有人撑船。景区门口买打水仗用的东西。建议带换衣衣物，因为打水仗会全部弄湿，夏天还要注意房山，最好穿薄薄的长袖衣物，我们所有人都被晒黑了。,好评
同程购票方便，就是小孩子1，5米以下都要票。坐的竹漂流不够刺激，就两个坡度，比较平稳！终点站大家都在游泳，但是说是禁止游泳的，水不干净，没有浴室冲洗！环境还是不错的，年轻人还是选皮划艇好，带点泳衣干的衣服还是必要的！！,好评
我们是玩皮艇的，年轻人嘛就自己划，全当减肥，自己划比较有意思。运气好，碰到几个爱玩的中年人，还有小朋友，所以么，就打水仗的。全身都湿光了，不过很开心，玩的蛮尽兴的。就是72快就只能玩皮艇还像不是很爽。不过发现。现在在造鬼屋，不知道什么时候能造好。还有还好下午多云，。不然真的很热。晒得很烫啊。,好评
开通的plus会员购票时有两张是优惠票价，网购票到游客中心有专门的取票窗口，也很方便。去游玩的时候不是周末，所以人不是很多。皮筏艇漂流比较刺激，时有高低起伏的坡度，建议换泳衣下水，不然就湿身了。漂流结束上岸后孩子说，下次还想来玩呢！,好评
三家人玩的很嗨，美中不足的是没有热水澡洗，只能冷水擦擦，希望改进。,好评
总体很不错，直接有接待的地方拿票就能便宜，景区里面有牛车可以坐，很乡村的感觉，我跟老公两个人就划了一艘橡皮船，一路上坐竹筏的游客还向我们**水，还骑了一圈马，这边的玩得普遍都不是很贵，不过这个地方很难找，我们上午9点出发，下午2点多才到，坐了3趟车都是从起始坐到终点，中途差点放弃，不过物有所值。,好评
皮筏漂流很好玩，很刺激！就是路程短了一点，沿途的风景不错，配套服务相对少了一点，总体印象不错，给个好评！,好评
非常好玩，天气适宜，带孩子玩得很开心！下次还会去～,好评
"景点环境不错,由其是皮筏很刺激,还可以打水仗。竹筏的终点站还有露天浴场，千万要带上游衣哦，水凉凉的很舒服，还有烧烤，60元一个炉，吃的东西可以自已带上，是周末与亲朋好友度假的好去处。",好评
总体感觉不错，有点小小的建议，很小的宝宝不应该收费的哦，（例如：刚刚会走路的）1米以下的不收门票会更加好点，人性化,好评
第一次去玩漂流，感觉既新奇又刺激，双溪的皮筏漂流不是太惊险，很适合我们这些初次接触漂流的人，而且漂流中途的烧烤真心好吃，赞一个,好评
孩子玩的很开心！衣服全部湿了，走了好远才到换衣服的地方！换衣服的地方全部是冷水，真的很恶心，这种景点竟然这样的服！1米35的小朋友也是全票！双溪乐园的票没有去玩，走过去要20分钟，不高兴去了！,好评
建议大家坐皮筏漂流、竹筏不刺激，皮筏很自由很好玩!!!风景不错、就是游览车收费有点坑...,好评
去的时候有点冷，穿了雨衣刚刚好。竹筏很平稳，也少点刺激。不带孩子的话还是皮筏好。因为淡季，游乐园就我们几个人玩。玩水还是蛮开心的，还有烧烤，不错。,好评
总体来说还不错了，感觉那个坡高一点会更加刺激呢，牛车很有意思。漂流过程中，发现旁边的风景真的很漂亮，终点处就有烧烤，不过天气太热了，我们没在那边吃，感觉还是蛮好的,好评
双溪漂流很不错啊，第一次去，很开心在同程网订票，节省了一百元门票，直接去买，一分钱都不会少，下次去玩，一定在同程网上订票，这次旅行总体很满意，玩的很开心。,好评
我们上午采摘下午漂流，感觉非常好！同程当天订的票，省了共80，**当天不给订。取票很顺利，坐了牛车，很开心！漂流竹筏没皮筏刺激，但自己找乐子也还不错，特别是像我这样没坐过的可以感受一下。在浅水区要求停留一会儿，要求要小费30元。终点有免费游泳真的不错，孩子们都想下去。,好评
漂流比较平稳，适合小孩子和年纪大的人，如果追求刺激不推荐。景点离陆羽山庄很近，适合开会时去游玩。整个漂流过程1小时左右，两岸风光不错。价格偏高。,好评
漂流时小孩和大人的票价一样，开始以为小孩可以半价的，网上没找到小孩子的半价票，没订，准备现场买半价票，结果只能买全票，后悔了，多花了30元一张票，买了**票。玩的时候衣服全部湿透，因此必须带一套衣服供换。,好评
很好玩，是一个可以去放松的好地方，上流的水很清，下流的水稍微有点浑，不过玩的很开心，推荐大家去度度假，周边大山景色都很好,好评
漂流时小孩和大人的票价一样，开始以为小孩可以半价的，网上没找到小孩子的半价票，没订，准备现场买半价票，结果只能买全票，后悔了，多花了30元一张票，买了**票。玩的时候衣服全部湿透，因此必须带一套衣服供换。,好评
漂流比较平稳，适合小孩子和年纪大的人，如果追求刺激不推荐。景点离陆羽山庄很近，适合开会时去游玩。整个漂流过程1小时左右，两岸风光不错。价格偏高。,好评
还是皮筏好玩，刺激！下次还去玩，还好那天我们做了准备，穿了长袖长裤，不然真的会被晒伤了的，去的时候一定要记得带顶帽沿长点的帽子，省得脸被晒黑了。一路上水仗打得好过瘾，认识不认识的都会打，去的话应和男生一起去，都是女生自己划皮筏还是挺累的，水仗只有被打的份,好评
停车方便，换票方便，玩的不刺激，适合带小孩子玩。记得一定要防晒，我过了20天了，还没白回来。,好评
跟朋友一起4家人8大3小去浙江，孩子喜欢玩水就选择了双溪漂流，双溪的景色还是不错的，只是漂流的人不多，就我们一个竹筏，而且溪流很平缓，太阳很晒，也没人可以打水仗，我们准备的装备都没用上。牛车还是比较有意思的,好评
青山绿水，风景很漂亮，漂流大家一起打水仗很好玩，太阳很大，晒**了，景区没热水洗澡，这点不好。全程漂了差不多不到2小时，比较平缓，玩玩还不错双溪乐园没去,好评
我们8人第一次漂流，不知道别的地方怎么样，但是感觉这里还是不错的，风景好，就是天气很热，打水仗个个都全身湿透了。然后我们划得太快，感觉还没尽兴就已经到了。另外就是漂流得不够刺激。下次要找个更刺激的地方。希望多推荐哦！,好评
双溪漂流是一个很值得去的地方，风景很美，由于我们那天是下大雨的，所以很遗憾的说，基本没有拍什么照片，不过很推荐大家去。在同程订票很方便得说，不用排队的，我觉得我这次做了一个很对的决定就是在同程订票，哈哈~~,好评
不谈排队取票，这很正常。希望流程上更简单点为好，方便吗？景点，不用说了，捧的，牛车给力，我以为竹筏不会湿身，湿了，湿了，湿了。也推荐去骑马。完了。,好评
景点工作人员太拽了，还没说哪个网上订的票呢，直接就说：只要是今天网上订的票都不能玩，我表示在网上能定的为什么不能玩呢？疑惑，打了电话给同程，客服很快的为我们解决了，非常信赖，点赞,好评
很方便，不用在网上直接付费，到景区再取票，节省了我们50大洋，漂流也很好玩的我们做的竹筏，小孩子玩的很开心，说还要去呢,好评
水清、竹多、风景美，同程订票取票非常方便，这次玩的非常愉快。唯一美中不足的就是在景区门口吃饭被宰，大锅炖的牛仔骨，那么一小份居然要88块，简直就是黑店（百农乐农家土菜），最关键菜味道很一般，建议大家可以直接路过！！以后景区一定要先问好价再点菜。,好评
从上海出发用了2个小时左右算比较近的漂流吧过去取了票马上就去漂流了虽然才10点多左右但人已经挺多的上游段水比较湍急点水质还不错下游段水就比较脏了旁边还有人家就跟一般的小河差不多不算特别险的刺激的总体还行全程花了1个多小时打水仗还是很开心的,好评
挺好的一次漂流经历，第一次坐皮筏漂流，水流不是很急，睡跌处有些刺激，总体感觉不错，交通方便有车接送的！,好评
活动项目丰富多彩，可以洗手濯足，悠哉闲哉；可以冲漂过坝，有惊无险；可双溪漂流以坐牛车，乡村怀古；可以坐大篷车，观赏竹海。若有兴趣，还可以在漂流终点露天嬉水区游泳，在千步滩休闲区休息娱乐，可以登上翠虹亭一睹竹海的博大,好评
风景很美，山清水秀。整个漂流很愉快，也比较刺激，有惊无险，就是有点地方，水太浅，容易搁浅，希望能再改善一下。也可能我二人体重过重了？总的讲，我全家玩的都挺高兴的。值得一游！,好评
牛车，让我体验了古人的陆地交通，却也不失刺激；漂流，让我体验的是古人的水上交通，漂流而下的同时，刺激却也满足。总之，去了才能体会！,好评
环境很好，绿草茵茵翠竹簇簇……n大部分水流较急想在湖面停歇都有点难，整条路线似乎就3-4个激流断层，不惊不险不够刺激……n这种漂流就应该组团一起漂一起打水仗一起撒欢的玩才好……,好评
单位组织的活。那天去的时候，刚好前一天是下雨。按理说水很清的，不过没有预想中的清，（听工作人员说，是上游在挖黄沙）激流不大，也不是很刺激。玩：双溪乐园，好像那个过山车不是很安全，玩过的亲们都说，时间太短，连想叫一声的时间都没有。纯粹是左右前后撞击，轻微脑震荡了一下。,好评
整体感觉还不错的，不过比起其他的漂流不是很刺激，很适合大众化！,好评
青山绿水，风景很漂亮，漂流大家一起打水仗很好玩，太阳很大，晒**了，景区没热水洗澡，这点不好。全程漂了差不多不到2小时，比较平缓，玩玩还不错双溪乐园没去,好评
我跟老公是自驾游，按照导航还是挺好找的，漂流总体还不错，但是附近的饭馆的东西是真难吃啊，价位还不便宜。,好评
还行，第一次漂流挺刺激的。定的竹筒饭没吃到。玩的是皮筏漂流是在上游的，竹筒饭在下流竹筏漂流的终点，过来吃太远了。知道这样就不定饭了,好评
夏天还是跟值得一去的，全身湿透，可惜我的眼镜贡献到河底了,好评
位置很偏僻，从市区过去相当远，不过，漂流本身还是不错的，风景相当好，我们选的是皮筏，还是值得推荐的,好评
同程换票在游客中心，竹筏和皮筏乘坐点不同！竹筏先坐牛车，然后漂流，水还算清，不急！和小孩一起不错！,好评
很好玩，我们一家人玩得很开心，很合适带孩子玩，儿子玩了当即表示还想再玩哈～～就是刚满1.2米也得买全票啊，要是半票就更好了,好评
虽然排队时候汗流浃背，但是坐上皮筏的那一刻还是爽翻天。溪水很清凉，做好防晒工作可以玩的很欢乐。皮筏的下半程较平缓。到达终点后还需要坐一段竹筏到上岸点。这一段水深3到5米。要注意安全哦。,好评
漂流总体还是不错的，我们人比较多，玩的比较开心。建议去的话人要多点，准备好两套衣服。没找到寄存的地方，衣物放在艇上，浸湿了，这点希望有所考虑。竹筏船老大，因为怕衣服被游客玩水弄湿，阻止游客相互泼水，应该调整好，鼓动游客玩耍，玩高兴，并做好安全监督工作。谢谢。,好评
跟我联络的送票小伙前一天给我电话，我问题儿童皮划艇是什么价格，他说半价，到售票处买，可到了售票处一看儿童皮划艇同成人价，坑爹，135一张，我8点半到的，等票等的时间长了点,好评
漂流总体还是不错的，我们人比较多，玩的比较开心。建议去的话人要多点，准备好两套衣服。没找到寄存的地方，衣物放在艇上，浸湿了，这点希望有所考虑。竹筏船老大，因为怕衣服被游客玩水弄湿，阻止游客相互泼水，应该调整好，鼓动游客玩耍，玩高兴，并做好安全监督工作。谢谢。,好评
第一次去！我们从火车站打车去的！还是开车比较方便！我认为做皮划艇好玩！小孩也可以的！很开心！游乐园里没什么好玩的！但那边有个小沙滩还可以玩玩！,好评
同程还是一如既往的方便，在景区接待中心直接取票，哈哈，免去了排队买票的苦恼，里面有卖水**的，很便宜，天气热了，漂流打水仗真的是个不错的选择，第一个激流那里很刺激。,好评
惊险程度略低，水质很好，周边环境很好，适合带小孩，小姑娘一起玩,好评
景区环境不错，一开始是坐水牛车去码头的然后可以选择汽艇或者竹筏漂流汽艇是自己划的比较好玩些。在漂流过程中，游玩的旅客会互相泼水，相互嬉戏，放松心情,好评
坐在牛车上仿佛来到了诗意的田园，儿子开心的不得了。漂流也蛮好玩，沿途一派江南水乡的风光，水流时急时缓，对孩子来说就像是一次奇妙的探险之旅。美丽的小溪里有很多小鱼虾，对儿子是莫大的诱惑。儿子在抓鱼的过程中体验到了在城市中无法感受的自然，那种纯粹的原始的快乐。整个旅程舒缓了身心，亲近了自然。,好评
4.30号去的乘坐牛车去漂流乘竹筏的，虽然激烈的地方不多，但是水还是很清凉的，到了以后骑水上自行车不过要自己花40块2人，吃了竹筒饭（里面馅料不好，没多少肉），然后就回来了，总得来说还行环境不错的,好评
景区环境还可以，从售票处去漂流地坐上牛车倒是很新奇。漂流时水面比较平缓，刺激的地方在两个落差处，小孩子很开心，就是现在去天气还不是太热，不敢湿身啊。,好评
水流设计比较带感，湿了我一身，带的东西一定要用防水袋包好，不要存侥幸，上岸时我皮筏里装了一半的水；竹筏是牛车，皮筏是中巴，只有两辆，选皮筏的最好先排队。,好评
交通满方便的，就是不适合没有自驾车去玩，双溪漂流离双溪乐园有点远，三个人去玩还得买电动车票，来回都得60了，双溪漂流还行，就是乐园里的设施有待增强，有点小……总体来说还算不错,好评
我们住在良渚大酒店，房间不错，楼下对面有一条小吃街，都是摊位式的。很热闹，不过这里距离双溪漂流有点远。我们玩的是竹筏，大家要做好一切防晒措施才行呀，真的很热，不过我们与别的船一起打水仗还是很开心的，武器很重要，记得买好一点的。总体来说还什么很开心的游玩。,好评
给我的第一感觉是水质比较好，可以说清澈见底吧！水中还能看见好大的鱼，中途的水仗是避免不了的，我们是60多人一起去的，所以玩的非常尽兴！我建议各位游友去玩的时候也多组织朋友去玩！我们有好几个人准备过几天再去一次！,好评
景区风景很好我们去的很早都不挤问票也不贵,好评
牛车拉过去还是蛮有意思的，现在玩竹筏的人少了，就我们一个竹筏没有意思，大家都去玩皮筏了，看到皮筏那头的朋友们玩的很开心。下来后有很多人在游泳非常好，不要钱，水温也合适，小孩也能去水里泡泡.,好评
换票的时候没有找到名字后来工作人员上网查到了天气不错刚上船就被工作人员一阵猛**…全身湿透…漂流不是很惊险最后很想吐槽一下洗澡的地方！全是冷水，特别凉！！,好评
本次双溪漂流我们选择了皮筏，惊险刺激，有浅滩，有激流，还有落差，虽然湿身了，但是大家都觉得这次活动很值。遗憾的是：1.排队上皮艇的组织安排显得比较混乱；2.溪水应该清可见底，而如今的双溪已经浑浊不堪。,好评
水很干净，上游水流较缓，下游乐趣较多。如果落差能够再大些，相信会更刺激些。总的来说，还是值得夏天一游的。对了，还有要在进口外买好打水仗的工具，尤其推荐小脸盆，“火力”最猛，不然只能挨打啦。哈哈哈,好评
"双溪漂流感觉还不错,是个避暑的好去处。同程取票也很方便。竹筏十牛车虽然不刺激,但也别有一番风味。终点处的烧烤十免费游泳区大人和小孩都很喜欢,我们玩得很开心。",好评
皮筏飘确实过瘾，身上湿透了。不过漂流行程太短，就半小时左右。就6个左右的急流，感觉还是少了点。总体时间还可以。出行的话，安排半天时间绰绰有余了,好评
这是第二次去漂流。应该是因为天气的原因吧，水不是很大，刺激也就谈不上了。但是，园区环境还是不错的，一路漂流下来，心情不错。希望可玩的项目更多些就更好了。,好评
"感觉还是挺不错的,可以在皮划艇上打水仗,衣服全湿透了.建议大家夏天去,可以多备套衣服,穿拖鞋或凉鞋,^_^.不过漂流路程短了点,而且也不是很刺激.",好评
水很干净，上游水流较缓，下游乐趣较多。如果落差能够再大些，相信会更刺激些。总的来说，还是值得夏天一游的。对了，还有要在进口外买好打水仗的工具，尤其推荐小脸盆，“火力”最猛，不然只能挨打啦。哈哈哈,好评
"双溪漂流感觉还不错,是个避暑的好去处。同程取票也很方便。竹筏十牛车虽然不刺激,但也别有一番风味。终点处的烧烤十免费游泳区大人和小孩都很喜欢,我们玩得很开心。",好评
都好玩。江水清澈，风景好。去漂流的码头还可以坐牛车，孩子们坐上牛车又好奇又开心。就是竹筏漂流的时候险滩少了点。不过都很好，下次去漂流还去双溪。,好评
这是第二次去漂流。应该是因为天气的原因吧，水不是很大，刺激也就谈不上了。但是，园区环境还是不错的，一路漂流下来，心情不错。希望可玩的项目更多些就更好了。,好评
皮筏飘确实过瘾，身上湿透了。不过漂流行程太短，就半小时左右。就6个左右的急流，感觉还是少了点。总体时间还可以。出行的话，安排半天时间绰绰有余了,好评
同程购票简单，快捷，价格也比景点买票便宜很多，我们这次是组织的一行10几人的亲子团，小朋友有6，7个，打水仗玩的太happy了，小朋友都不想上来，说下次还要再来,好评
很抱歉今年出游在同程上面订票才想起点评13年的…7个人一辆商务车过去的同程订票取票都很方便漂流很不错大家玩的很high这不今年订的千岛湖漂流依然现在在同程订票,好评
儿子做上牛车特开心一抖一抖特舒服，马车做到竹漂景点做上竹筏冲浪的时候很刺激。遗憾的事漂流公园买了6个玩的只有二处可玩其余在维修。,好评
夏天双溪很火爆，双溪皮筏漂流，够刺激，够清凉，同程安排服务也很好，就是漂流前导游未提醒要寄存包，搞得我们东西全湿掉了，后来者要当心哦。,好评
夏天双溪很火爆，双溪皮筏漂流，够刺激，够清凉，同程安排服务也很好，就是漂流前导游未提醒要寄存包，搞得我们东西全湿掉了，后来者要当心哦。,好评
漂流景点游玩相当地惬意。提几个小建议：景点内的大巴车不要让游客等得太久；冲洗的地方最好提供热水；儿童皮筏漂票价建议折半。,好评
整体来说还是错的，我们去得比较早，再加上现在天不是很热，人不是很多，环境很好，先坐牛车进去，接着再坐竹笩，一路上，我们在竹茷上玩水、看风景、拍照，山清水秀，环境优美。有机会还会再去的。,好评
双溪漂流两岸的风景还是很不错的，其间有两个陡坡，娴静中带了一些刺激，另外坐牛车到乘竹筏的地方很有特色，这是其他漂流所没有的！,好评
玩的皮艇漂流，还可以，但不算刺激。河道有点宽，所以感觉水流不够急。而且只有3个落差，不够尽兴啊！漂流约一个半小时，主要是打水战很开心！,好评
景区里的飘流还是很好玩的，水很清澈，**水筒打仗很刺激。竹筏飘流一定要买**水筒的，否则会很吃亏的，幸亏我们买了，遗憾的是威力没有别人的大，后来买了水盆，两竹筏近距离后我们竹筏重新占了上风，哈哈。,好评
风景很不错，环境优美，竹林是这特色，挺拔修直，绿意盎然！漂流不够刺激，皮筏漂流还是不错的，自娱自乐，其乐融融，美中不足的是，水太浅，且水质一般般，有待景区提高！,好评
玩得很开心，要是路线能再长一点就好了，再增加点刺激度更好，整个水面水质还是比较好的，同程订票取票也很方便，以后会继续在该网站订票,好评
我们选择的皮筏漂流，有那么一点点惊险刺激。几下落差比较大的落差冲下去，衣服都湿了，游客之间彼此打水仗，也很有意思。如果不想湿，建议穿一次性雨披，带一个小脸盆给皮筏排水。相对而言，皮筏更适合年轻人，而竹筏更适合中老年人。,好评
一家人玩的满开心的，打水战，就是可惜了我一副9百多的眼镜掉水里了。还有就是没个冲洗换衣服的地方。其它还好，没去过的可以去玩玩。去玩记得把眼镜绑好，带上毛巾和衣服。,好评
年初五非常冷，但游客依然不少，可见景区的质量还是不错的。汤坑景区以水见长，虽是枯水期，仍是溪水欢唱；峰回路转，不时闪现小瀑布，飞珠溅玉，姿态万千。可能是后去茅塘景区的关系，一进景区便觉满目葱茏，安静宜人。大片民居嵌在绿如翡翠的山谷中，不闻人声，只闻潺潺流水，渐渐引人入胜。排山倒海万马石，指挥若定将军石，洗耳恭听洗耳泉，都是有特色的景点，比想象中的要好。不足之处，游客中不少大叔在景区内随意抽烟而无人管。冬季相对干燥，林区内抽烟是很大的火灾隐患，望景区今后加强管理，杜绝此类危险行为的发生。,好评
年初五非常冷，但游客依然不少，可见景区的质量还是不错的。汤坑景区以水见长，虽是枯水期，仍是溪水欢唱；峰回路转，不时闪现小瀑布，飞珠溅玉，姿态万千。可能是后去茅塘景区的关系，一进景区便觉满目葱茏，安静宜人。大片民居嵌在绿如翡翠的山谷中，不闻人声，只闻潺潺流水，渐渐引人入胜。排山倒海万马石，指挥若定将军石，洗耳恭听洗耳泉，都是有特色的景点，比想象中的要好。不足之处，游客中不少大叔在景区内随意抽烟而无人管。冬季相对干燥，林区内抽烟是很大的火灾隐患，望景区今后加强管理，杜绝此类危险行为的发生。,好评
山沟沟爬山涉水篇:杭先生说爬到半山腰的时候就会想山顶到底有什么，真的值得爬山去吗[疑问]不上去又不甘心，好吧，我们继续爬啊爬我总问他到了吗，到底到了吗，真心爬不动了[晕]想停下来玩玩水，他说胜利就在前方，历时1个半小时终于登顶，看着自己上来的路豁然开朗，原来不放弃才是对自己最好的回报[飞吻]，山泉水真得好喝，一路走一路喝，随手打一杯，有点甜透心凉一解路上的辛苦竹筏好玩，比较有特色自己掌舵我这个旱鸭子也过了会船夫的瘾，山山水水我的爱，杭先生说杭州周边的山快被我玩遍了下一站在哪里，又会怎样的风景，期待下一次说走就走的旅行,好评
空气太清新了，真的有甜丝丝的味道，住了一晚，觉得会多活几天，雨天玩更有味道，最美的是看着阳光撒在竹山那一抹金黄，实在太美了，住农家乐最好提前预定吃饭就比较优惠，听着鸡鸣狗叫起床，感觉真好，中间儿子被狗咬了去打预防针是个小插曲，停车也还算方便，交一次十块就可以了不会重复收费，是个亲近大自然的好地方，有的时候还挖了一麻袋笋，还会去，就是不一定去景点了,好评
同程上购票是很优惠的，就是希望以后能现买现用，不要等三个小时。景色不错，分茅塘和汤坑，先在停车场那里取票，然后可以开车去茅塘和汤坑，把停车场票子保存好，不然要重复收费的。,好评
先去了汤坑，被要求车停在半路上，景区的巴士带上去的，这个景点主要是登山，个人更喜欢茅塘。其实茅塘如果开车上去的话，是可以不买门票（建议自驾游就去这里好了），车直接绕过开到最上面的古村落。估计晚上亮灯以后景色更好。那个万马石景区太一般了，所以如果不是联票的话也不推荐。,好评
汤沟景区不错，不过不是很大，进口在居民区里面不好停车，有人会乱收费，说这是私人饭店门口，上去路很窄，后来直接停在下面走路上去的！门票价格性价比不高，看多了浙江的山水后感觉这个小儿科了....,好评
汤沟景区不错，不过不是很大，进口在居民区里面不好停车，有人会乱收费，说这是私人饭店门口，上去路很窄，后来直接停在下面走路上去的！门票价格性价比不高，看多了浙江的山水后感觉这个小儿科了....,好评
景点就在农家乐之中，景区停车不太方便，景区分两个景点，汤坑景色优于茅塘，古村落中打年糕，磨豆腐都是小时候看见过的，味道也很好，景点基本都是爬山，总体还是不错的！,好评
取票很方便，去游客中心取，然后开车去三个小景点，还好离的不远。分别是汤坑，茅塘，万马石。其中汤坑游玩时间最长，差不多两三个小时，其他基本一个小时。汤坑也是最好玩的。,好评
支付后三个小时才能取票，非常不爽，白等一小时。景点风景不惊艳，但也还行，主要是类似的风景杭州附近实在太多。主要是小孩玩水玩的不想回来，高兴就行。,好评
在景区售票处换好门票，直接把车子开上山。去之前的一场大雨，给景色增添了活力，泉瀑满谷，云雾变幻，飞瀑流泉。,好评
风景不错，就是茅塘和汤坑距离很远，计算错误走路有点吃不消！实在走不动了，景区的摆渡车还特意停下来免费载我们，还是好人多啊！还抓了条蛇,好评
购票取票都很方便，就是停车的地方多收了我十块钱，可以把车直接开到玩的地方，其他的都很好，风景特别美,好评
工作日区的，很空，只是山上两个景区的停车位在周末肯定很紧张的，去纳凉休息是可以的，指望多么好玩就算了,好评
取票很方便，一票游览两个景区。茅塘景区有万马奔腾和瀑布；汤坑景区是最爱，风景美到爆，水流潺潺，很喜欢，还回去的！,好评
购票很方便，但需要提前3小时买好，建议提前一天订。由于天太热，又带着娃，所以只大概看了一个景点，竹林中可以避暑，总体来说还行,好评
还是同程定票，优惠又方便。景色太美了，尤其是竹林小溪流水，简直是世外桃源。还会再去的。,好评
到达接待中心，刚停车就有“红臂装”来收停车费，感觉大不好，收了10元，这个10元可以省的，有点抢钱的味道，我们前后也就是买个票的时间，买票的人好像也是合伙的，她说山上的景点停车就不收费了，其实山上的景点停车都是免费的。景区有两个，需要收费检票的有三个景点：汤坑，茅塘和万马奔腾。这三个景点有点分散，一般需要4-5个小时。我们动作还算迅速，建议先游览汤坑景点。这个景点需要爬山，大约300多米的，路沿途都有瀑布顺流而下。还有一个都是用竹子搭建的巨龙。然后开车去了茅塘，里面有一个古村落。也有新四军的被服厂。村里农家饭店巨多，有住宿和用餐，有一个观景台可以眺望群山和山中的村落，还是有点味道的。沿路都有一些特产出售，还是比较新颖的，酒，茶叶，笋干，还有一个年糕作坊，看到打年糕。,好评
一直都是同程上买票的，方便。景区对于我这个山里头长大的人来说一般般吧。不过小孩喜欢。,好评
同程取票很方便，就在游客接待中心，可惜的是车子开进去换个票的时间也要收10块钱，进景区停车还得收钱，感觉有点坑人。,好评
非常好，虽然下着雨，但是我们一行10人玩的很高兴，好评！,好评
自然景色，住在附近肯定更赞、带着两娃走走玩玩轻松愉快,好评
总体来说不错，孩子玩的开心就行，越来越好，自驾出行比较顺利。,好评
还可以，空气清新，最好是边走边玩，不然下来就不想玩了,好评
水好多啊，孩子玩的很开心，景点不大适合休闲慢游的类型,好评
到景区停车收费十元，掏了20块钱景区游览车钱，但是下午四点半汤坑里没有车了，回到景区停车场要走一个小时，没啥特色，也就值二十块钱，如果是98真的很不值,好评
订票取票非常方便。景区么实在一般，对不起这个票价。不过现在中国的票价整体多贵。最惊喜的是我们找的住宿了。就在取票口出来向前10米左右的地方。那地方可以停上百辆车，价格才70元一个人，包早餐和晚餐。关键是房间里非常干净。接待我们的是老板娘，真正的老板娘----老板的娘。非常实在的老人。晚餐问我想吃什么，我点了他们当地自己养的猪烧的红烧肉，老板娘还给我们上了鸡汤。我们4个人，老板娘给我们上了5个菜。还有他们的茶叶也非常好。虽然景点一般，但我以后还会带朋友去玩几天，在那里住宿，喝茶，打牌，聊天非常不错的，关键是离上海近，开车2个小时。噢老板娘姓汤，电话是18888966595.,好评
风景非常漂亮，空气很清新、汤坑的水又清又凉适合小朋友游,好评
看了下大家的分享，领好票后直接去了汤坑，可能是车位紧张的原因开到一半就被拦下来停在了马路边上，果然如同大家说的在售票处付过费的不用在另外付停车费了。望着距离景区还有一段的路程**眼了，正在茫然时一辆景区巴士停在了我面前，哈哈，持票可以免费到景区门口的哦，也不叫门口，就是离景区很近了，估计在开也不好开上去了，原来售票中心到景区都有短驳车的，往返于茅塘和汤坑之间，汤坑还是不错的，海拔也不高，走走停停适合全家游，中间还有竹筏让大家自己划着玩，一路上去都有，所以大家也不要排在第一处的竹筏处，浪费时间，所谓上山容易下山难，下山的时候偶有几处台阶较高，有点滑，带个登山棒还是不错的，下山时到了第二个小卖铺买了水煮的笋，好好吃，豆腐干、贡丸、茶叶蛋都不错，qq肠不好吃，也就是向上的第二家店，一路上下觉得这家正好在山腰，看着也明亮干净。还有提醒大家最好准备一双凉鞋，方便玩水。还有准备点驱蚊驱虫的水。周边农家乐也很多，但没去吃。希望给大家点帮助啦。,好评
景点分二个，一个看山水，一个也是，多一个农家，景点没有特别的亮点，风景一般吧，停车景口付十元进去就不用再付了，一个景点一个半小时游程,好评
[旅行教会我最大的一个道理：世界上原来真的有很多很多种人，用五花八门的方式生活着，他们拥有不一样的价值观，让这个世界显得纷繁复杂又有趣，让理解他们的人有共鸣，不理解他们的人有话题。如果我不旅行，就无法遇见他们。趁我们都还年轻，多走几步路，多欣赏下沿途的风景，不要急于抵达目的地而错过了流年里温暖的人和物。,好评
取票很方便，就在山下的游客中心。山不在高，有水则灵，夏天应该更好！,好评
取票很方便，就在山下的游客中心。山不在高，有水则灵，夏天应该更好！,好评
刚入伏，周六和老公两人去的，山里很凉快，而且不像普通景区人满为患，感觉很有意境。建议去之前可先去双溪漂流，自驾差不多半个小时车程。根据导航和路牌指引，接待处很好找，报同程预定和姓名很顺利的付钱和取票。之后仍须绕着山再盘旋约1.5公里，共有三个景点自下而上分布，每个景点有检票门头，其间围绕着当地村落民居，住宿吃饭体验当地特色很方便。最下方的汤池景区人最多，景区也最大，很多叠瀑，可一路往山上爬，游人比较多；中间的景区是个溯瀑，内有攀爬项目，20元/人，穿好草鞋、头盔，拉着铁索从瀑布底爬到顶，水流不算太大，有的地方滑，比较有挑战性，上去了之后还有点后怕；第三个景区位置最高，叫万马石，各种大石嶙峋而立，小道竹林间有双人秋千和吊床，人很少，所以在此稍作休息非常惬意。下次还会去，应该会选择在当地景区附近的民宿住一夜，闲来喝茶听瀑，相比走马观花把景区转悠完要美的多了,好评
本来没抱多么好的期望，反正就是中秋节出去游玩。带着孩子一家自驾游出行了，国道一路顺畅，在拐入景区时，岔道较多，一辆车从小路上直窜出来不减速上正道，急刹车变道来了一场惊险，还好对向没车。第一次来，不是很清楚，到了游客服务中心，停好车拿好票，以为要步行上山呢。后来感觉不太对，问了村里人一下，才知道要开车上山。果然，从游客中心到山上景点还有好远。先去了茅塘，村里的景点，小孩子感觉稀奇，参观了一下后，走到了万马石，小孩子上来下去，有挑战很好玩，累了就荡一会儿秋千。真不错。之后在一家吃了中饭，一般吧，还算可以。然后继续玩瀑布，孩子最喜欢的是秋千，想把所有的秋千都体验了。之后去汤坑，景点边上停车略微困难一些，对新手来说可能比较难，我还算比较过关。这里小孩子更觉得好玩，可以捞鱼，孩子惊呼这里的鱼好笨，特别好抓，抓了好几条。接着又是竹筏自玩，然后又是爬山荡秋千。好休闲。最后将鱼放回河里，满意而回。这里最让大人们感觉满意的是，空气好，人少很安静，中饭在外面吃，凉风一吹，那个舒服，是城市里永远体会不到的。,好评
取票很快捷，停车很方便，风景很秀丽，全家很开心。,好评
上海自驾过去略远，但一路风景优美开的也不疲劳，雨后第二天去汤坑最好，水量大而且清，竹筏撑撑摆摆样子拍照不错，一路都是溪水瀑布，而且可以玩水的，走走玩玩爬到顶也不累，的确是夏天亲子戏水避暑的好地方，另一个景点茅塘如果不喜欢玩溯瀑就别去，个人建议孩子7岁以上去玩还是可以的，不是很危险,好评
在同程网上看到了山沟沟景区，初听名字，可真不咋滴，看了点评，感觉应该尝试去看看，去了之后，感觉没有浪费时间。首先说说景色，这里的保护是比较好的，真山真水，而且污染少。水是清澈的，山石绿色的。10月3日去的，发现游人不是很多，可以享受难得的寂静。关键是门票价格也不高。在说说食宿，虽然它处在深山中，可是这里的住宿条件并不差，每个农家都把自己的房子做成餐饮饭店或者旅馆，卫生状况良好。而且，这里的吃也不贵，一家4口，一百多元钱保证吃饱，而且口味也还不错。只是山里原生态的草鸡，本蛋买不到了。如果要去的话，建议花上两天时间，两个景区都去跑跑，如果能够住一晚的话，你可以享受到城里是没有的寂静。没有办法发图片，我就不献丑了。推荐大家尝试一下。,好评
还不错，很舒心，天然氧吧，有山有水，我爱人，有色有景，有心情,好评
挺偏僻的地方，交通不方便，自驾车差点没找到。不过风景不错，到处都是竹林，空气非常好，适合洗肺。景区服务也不错。一元不限量的门票确实是非常划算的！,好评
第一次过来，不清楚原来游客中心只是换下票而已，景点在另外的里面呢，自驾游的话换完票直接自驾去游玩好了，没必要在里面停车，还收份停车费。因为到了景点停车位都没有，都停在私人家门口，还另外收费的。景点还不错，只是山路不到顶，没有开阔的视野！,好评
杭州余杭的山沟沟名气不大，风景不错，一轮爬山下来约花2小时，山上的负离子很足，运动量正好，洗肺；山上的土鸡不贵，吃得好。值得一游!只是里面的两个风景点距离不近，徒步走的话挺远的。,好评
不错，挺休闲的，同程订票也挺方便，不用预付款，景点到付就行。这里有三个分散的景点，那个什么坑还不错，溪流蛮大的，总体来说适合一家人出去游玩。,好评
"地方还是可以的,就是要开进去满长地方,售票点离景区距离要3公里,如果不是自驾游,只有他们的公交可以选择.",好评
去的时候比较晚了，人较少，那个瀑布还是不错的，冬天水比较少，后汤的入口比较小，一不小心就到了，停车的地方较小，上面水很清，可以自己玩竹筏，很有意思，只是天冷怕掉水里，夏天去还是很不错的,好评
从上海一路开车过来，道路畅通，虽然上午下了雨，但不影响景区的景色，瀑布飞流直下，非常壮观，山里空气清新，山民和蔼可亲，农家菜好吃又便宜。不错的一次出行，感谢同程！,好评
同程定的票，有优惠，换票也很方便，景区的情况与门票还是有点差距，景点的票能便宜点更好，毕竟出游的成本也不少。,好评
空气清新，是周末一家人休闲的好地方，而且还能爬山，山也不是太高，既锻炼了身体，又愉悦了身心，且三个景点各有特色，真正是个游山玩水的好地方。只是本人到景区门口去拿票时工作人员一听是网上订票怎么也不肯卖，让我非去接待中心，我也能理解他们的难处，只是从景区到接待中心一来一回少说得走半个多小时，大热的天！幸好门口的保安挺人性化，让我们出来再补票了，非常感谢他，希望景区在管理上更人性化一点，让游客开开心心地来，快快乐乐地走！,好评
在此填写您此次游玩的整体感受，包括对同程网提供的服务评价、对景点的吃、住、行、游、购、娱等方面的感受。,好评
我们同行的有六个人，磨叽了好几天终于来了一场说走就走的旅行。出发前还是选择了在同程网上订好票，周五晚上大家准备好一切后踏上了去往山沟沟风景区的路途。当晚11点左右到达景区附近的旅店（当地人自家的房子），可能比较兴奋吧，几个男的没有睡意玩起了斗牛，我们女孩架不住周公的招唤，早早的睡了。第二天清晨，伴随着鸟叫声，深深的吸了口山间的清新空气，这空气只得此山有啊。8点多几个人浩浩荡荡的开着车来到了景区售票点，导购详细的和我们说了游览景点。山沟沟的景色不错,好评
接待中心取票换票，挺方便的，套票是两日票，也很人性化，可以轻轻松松玩一个景点，住在景区农家乐，第二天再玩，不用赶时间走马观花。,好评
景区值得一去，可看内容比较多样，竹林老村石滩瀑布！,好评
景区风景不错。停车收费很混乱，游客中心其实不需要付的，开到里面停车免费，千万记得游客中心不要给他停车费。,好评
接待中心取票换票，挺方便的，套票是两日票，也很人性化，可以轻轻松松玩一个景点，住在景区农家乐，第二天再玩，不用赶时间走马观花。,好评
山沟沟景色不错，雪未化。瀑布群很好玩，但爬山较吃力。由于是私人承包，学生和老年人没有优惠。由于山道狭窄，车技不好的人慎行。,好评
风景不错，同程取票也方便，值得一去，空气清鲜。,好评
接待中心取票换票，挺方便的，套票是两日票，也很人性化，可以轻轻松松玩一个景点，住在景区农家乐，第二天再玩，不用赶时间走马观花。,好评
"中午临时起意,出发过去的.结果门票刚涨过,原76现98了。如果坐过度车还要20/人.车子到了村里无法上行,问了路人才知要下车步行了。沿了一条山溪上行,来去1个小时就结束了.冬天了,还是很冷的.溪边有散步的土鸡,所以下来到了村里想找家饭店喝点鸡汤,可是可是没有饭店愿意做生意.要么没有厨师,要么整个饭店门开着没有人......黯然归去.",好评
春节到杭州玩了两天，还有假期，就临时决定到附近的山沟沟玩，凭同程网的订票信息很顺利地买到了票，山沟沟景区游人不多，清净安逸得很，只是枯水季节，山沟沟水不太多，不过，空气清新，景色宜人。茅塘的万马石还有点震撼，自然的力量真是不得了。,好评
到达景区，有工作人会提示该如何游玩，坐车到达景区，提示牌到处有，然后一路上山，看瀑布，沿途都有栏杆保护，还有凉亭和厕所,好评
当地人的女人感觉态度不好的多，唯利是图，好像游客都欠她们的，很失望男人倒都挺热心的，都会闲聊,好评
整天在山沟沟景区内闲逛，比较休闲。景色一般，游客不多，比较适合人多一点去度假，打打牌，喝喝茶。整体评价，不错。,好评
还不错，看看山水，由于不是假日去的，所以真的很空，进去静心蛮好的，如果雨季应该会很漂亮⋯⋯还在里面买了年糕和土酒⋯⋯,好评
附近大景区玩过了，就来到了山沟沟。很自然的景观，分两个景区。还不错，就是住宿得自己找。,好评
预先买了2种票，在线支付的。一种是家庭票3张，直接就拿到了。另一种是2张**票，给老人的，结果这个供货商没提供依据，反复电话，等了半小时多，决定退票重新再现场购买。耽误了行程，影响了心情，21日的退票，到今天24日还没有退款记录。,好评
还是一块未经开发和污染的自然圣地，值得一去，水清、天蓝~~陪父母去的，本来还担心他们会不喜欢，结果一到景区，看到这么自然的景象，父母都很开心，说机会还会再来、就是吃的不怎么滴，说是当地的特色，笋和土鸡都不怎么入味，而且价格太昂贵了，不值得~~,好评
风景还是很不错的，就是路途有点坎坷。。。。我们在公交车地方打了个小车上去，直接到靠近景点的地方，结果说我们订票的取票点只能是集散中心，天啊，如果走下去再上山估计就疯掉了~····而且去那边最好是选择去两天，一天一条线路，山下的农家旅社很多。问了下，价格在40~60元不等吧。有机会还去次，不过不会这次这样仓促了。还有取票一定要在集散中心，不然挺麻烦的。,好评
到景区接待中心取的票，同程网前一天还发信息来提醒。服务很好，景区服务也很好。就是去景区门口还要走一段路，当时没看到景交车，天有点热，玩的很好，还下了雨。一个景点没有去，有点累。最好在那住上一晚，第二天再游一个景点返回。,好评
山沟沟分三个景区，建议游览顺序为：汤坑，万马石和茅塘。三个各有特色，汤坑基本就是沿山涧的流水盘旋而上，边走边观景戏水，万马石那边的石头特别多，小孩爱爬一爬。茅塘值得一玩的就是可以爬的瀑布，有那么一点点惊险，爬上去以后也有一些小小的成就感。因为季节的原因，近期水量充足，我们在攀爬中全身都被打湿了，所以建议此地最后游玩便于更衣。不过听说枯水季节水量小时，衣服就不湿了。茅塘古镇的豆腐花、年糕还是很好吃，值得一尝。,好评
还不错，一共有三个景点，对我这种纯粹爬山的人来说还是蛮有意思的，周边还有当地村落，风景独特啊,好评
取票方便，就是取票口离景点好远，,好评
山沟沟是春节去玩的，取票方便。景色美，玩得开心。游玩二个小时，不累。农家菜也好吃。,好评
好，山里有很多住家，最好在周六十一点前订住宿，过一个小时就有很多人来,好评
很不错。想远离城市喧嚣是个不错的选择。整个人慢下来。景点么不能说多好和浙江一带的特色。山秀水清。当地的年糕和自酿酒不错。,好评
节日第一天游客不多，风景不错,好评
取票方便风景也不错，最棒的是人不是很多！,好评
还可以，我们这次是一家三口自驾游，同程订票很方便也很划算。山沟沟景区要爬山的，年老体弱者三思,好评
总体来说还是不错的，我是自驾行的，只是车开进去很不方便，只有一条路来回，碰到双休或节假日，都是旅游大巴，要堵好久，喜欢里面酒作坊里的酒酿，另外还有豆腐坊卖豆花，价钱也不贵，景点还没全部开发完，走到最里面还是没有看到水的源头,好评
虽然下着大雨，但是大家都开心，值得一去！,好评
风景不错，值得一去。到景区接待中心的最后一段路有点儿差，比较窄，到两个景点的路就更窄了，自驾比较恐怖，欠缺山路驾驶经验的还是乘坐景区交通车吧。,好评
风景绝对可以的，取票也非常的方便。适合慢生活。,好评
很靠谱，玩的很开心。,好评
这里下次一定还要去的，值得推荐。首先从离上海的距离上讲，比较适中，三个多小时就到了，周边景点也比较多有漂流、温泉，还有博物馆，且相距也比较近。属于又有风景可观，又有当地农家乐可住，非常适合休闲度假。,好评
杭州到山沟沟的自驾一日游，上午游了汤坑，与大多数江浙山水类似，山清水秀，没什么特别。中午选择了茅塘最高点，四世同堂（每一百年种一棵树，共四棵）旁的紫荆饭店用餐，下午休闲的喝茶打牌，很是惬意。村里闲逛，感觉茅塘景区更有特色，有些老房子、万马石、新四军被服厂，小村庄适合带相机闲逛，回程路上可见茅塘全景，山泉瀑布很是壮观。当然如果有意可以挖1袋竹笋、提1壶当地米酒、拎1只本鸡回家。这次没玩够，留待下次吧。,好评
去过最美最好玩的地方，游客不多，汤坑里面的竹筏孩子们特喜欢，虽然掉了水里，但还是很开心,好评
挺好的，景色很美，一片竹海，,好评
地方很好找，环境也不错，取票也很方便！,好评
国庆节那天，我们一家和朋友一家到山沟沟景区游玩。当时主要考虑其他景区人太多，这里人少，环境也不错。事实证明我们的决定是正确的。一到这里我们就被漫山遍野的竹林深深的吸引住了，青山绿水，鸟语花香，环境宜人，这些都是在都市生活中难得一见的。孩子们撑竹筏、抓小鱼、荡秋千，玩得不亦乐乎。,好评
挺好的，景色很美，一片竹海，,好评
挺好的，景色很美，一片竹海，,好评
好山好水好地方！民风不错地方价格不贵，休闲好地方！,好评
周六入住景区边的农家乐，包含第二天的早餐，与其他景区的相比，性价比要高很多，查了网上评论，第二天先游玩汤坑，小孩玩得非常尽兴，下午去了茅堂，总之非常值得一游，赞。,好评
人少景美现在的山沟沟已经不是印象里的那个山沟沟了周边民宿也较之前高档不少,好评
风景很好，取票非常方便,好评
人少，人少，这点相当好，环境优美，值得一游,好评
上午去了汤坑，环境还不错，就是景点少，山顶还不能上，人多的话停车比较麻烦。下午天气热，在农家随便吃了点，到还有个景点去看了下，大门都没找到，在白马石下面的坐了会就回去了，总体一般般吧,好评
汤坑比较好玩，爬了三个半小时，儿子三周岁，一个人爬到顶的,好评
玩过其他很多地方，然后再来山沟就没有多大惊喜了。唯一特别的是木筏的,好评
山沟沟景色不错，雪未化。瀑布群很好玩，但爬山较吃力。由于是私人承包，学生和老年人没有优惠。,好评
一张门票可用二天。汤坑，茅塘有挺长距离。订在清水阁就在汤坑景点门口。十一节当天从沪驱车约三个多小时到的，路上顺，住宿房间也很好。旁边就小溪可玩。汤坑上下尽爬二小时，茅塘就万马石要收门票。适含休闲游，打打牌之类的，要爬山之类的不尽性的。,好评
两个景点分布较远，最好自驾。汤坑很不错，茅塘很一般，另外售票处的员工很不专业，在线支付过的订单，一直和我说没有接到订单，其实订单就在桌上，白白耽误了二十多分钟。,好评
玩得很好，农家乐也不错，正好有年货大街，买了挺多东西！感谢同程！,好评
整体感觉不错，我们45人苏州包车，同程一元的搞过多次活动，装客户端也很多，真正实惠到家，换票也方便,好评
取票发便的狠！风景优美水至清气质有很多生物都能清晰看到！生态环境保护的很好,好评
景点好得没话说，可是取票有点那个，估计旅游的人太我所以根本不在乎散客，就像吃饭的时候一样，一进饭店，服务员比老板还拽，说没预订的没饭吃，我还真以为中饭没得吃了！,好评
山沟沟景区还是不错的，虽然下暴雨，但是玩的很尽兴！唯一觉得上山路太小，我们回程的时候有小轿车和大巴碰擦了，造成了交通堵塞！同程网服务好！以后还会选择！,好评
大大小小18个瀑布一路相连，景致不错，很是秀美，玩得非常开心。同程网活动一直都是这么的给力，超赞啊！,好评
游客很少很清静空气清新同程定的票很方便n,好评
自驾去的，景点很好找，同程专窗取票便捷，景色不错空气清新，水清澈见底，值得一游。就是没玩好！时间短景不错。很方便，车子可以开到景区。,好评
值这个价格，建议在景点里的农家乐住一个晚上，正好2天，这样人也不累！有一个要提醒大家，在取票点有个停车场，大家取票的时候不要开进去，进去就收10元，取票的地方离景点还有点路的，景点门口有地方停车的,好评
景点分二个，一个看山水，一个也是，多一个农家，景点没有特别的亮点，风景一般吧，停车景口付十元进去就不用再付了，一个景点一个半小时游程,好评
山沟沟景点分汤坑和茅塘中间有段路的建议自驾比较方便一般上午游汤坑因为要爬山上午凉快些我们寻着瀑布一路往上爬还有一些竹筏溪水小孩子很喜欢但顶上有一段还没开发好中午我们在茅塘农家乐吃完午餐再游茅塘景区,好评
山沟沟景区有山有水有瀑布有漂流，是比较典型的江南自然景观。男女老幼皆宜。离杭州和无湖不远，交通方便。适宜周末短途休闲游。管理什么也都不错。,好评
景区总体还不错，但游客接待中心不地道，我们三辆车就停车取个票的时间，也要收10元/辆的停车费…,好评
景区不大可以开车到达两个景点门口然后再徒步带着孩子只去了一个景点就回去了门票不值啊,好评
原生态，一路拾阶而上，小溪相伴，小竹排缀趣，值得一游。,好评
景点分二个，一个看山水，一个也是，多一个农家，景点没有特别的亮点，风景一般吧，停车景口付十元进去就不用再付了，一个景点一个半小时游程,好评
很原生态的景点，适合休闲、放松。空气很好。景区分汤坑和茅塘，第一天去的晚了，只玩了汤坑，没关系，门票放好了，第二天还可去茅塘。,好评
拿门票和送梨子，一张门票一个，很不错，服务人员也蛮热情的。就是这个季节去不太合适，没水，少了很多情趣。不过山间风景不错，山风吹过也蛮凉快的,好评
这个价格很值啊，夏天去会更好，因为那个水泊冬天暂停营业了，有点小遗憾,好评
驾车路线清晰，须注意有山路。景区绿化率超高，空气清新。农家乐的食宿超干净，赞一个。价格又公道。值得大家去养养身心。,好评
人不多，包场似的，1块钱是很值，就是毛塘景点很坑,好评
和同事一起星期五下班从上海出发，开了两个半小时在瓶窑大厦住下，吃住都比较舒服。第二天半小时的车程一早就进山沟沟，人很少，取票也方便，上午游汤坑，中午农家菜不错，芹菜还有鸭掌菜（味道好像蓬蒿），螺丝，清蒸鱼（小小的，忘记是什么鱼）很好吃，不过野猪肉不灵，连桌子底下的狗狗也不爱吃。下午游茅塘，三点钟结束愉快的旅行。再见杭州的山沟沟,好评
没想到，周六会这么难找农家乐，东找西找，终于找到了，可是价钱很高，没办法。还好，风景不错，汤坑真的值得一去。,好评
景区总体还不错，但游客接待中心不地道，我们三辆车就停车取个票的时间，也要收10元/辆的停车费…,好评
去得比较早兑换门票方便快捷山沟沟空气好环境很清幽适合家庭出游吃喝住都很方便已经介绍朋友去了,好评
非常好的地方，虽然江浙一带已经去了无数次，印象都差不多，但是山沟沟感觉明显和其他地方有区别，大概是未经开发的缘故，人还比较少，所以风景什么的看上去也比较真实，值得一去！,好评
玩得很不错，很有特色的农家乐。景区很大，到处都是农家，在这里可以体会到所有农家的生活，这里有竹海，有瀑布，有奇石，等等。建议多准备一身衣服，以备在玩水弄湿后换洗。茅塘村口的石壁坡流让每个玩的人都感到刺激，可以尝试一次。,好评
景区风景挺不错的，让人心情舒畅，回归大自然的感觉，就是周围可以再增加和完善一些方便游客购买特产和休息活动的配套设施，一举两得嘛。,好评
景区风景挺不错的，让人心情舒畅，回归大自然的感觉，就是周围可以再增加和完善一些方便游客购买特产和休息活动的配套设施，一举两得嘛。,好评
山沟沟沿山村落，错乱有致；泉水叮咚，干净冰凉；古宅清静，坐在其中，自然凉快。私塾声声，自制酒酿，现编草鞋，还有新四军被服厂，四世同堂的4棵百年老树，万马石，将军台，玉石瀑布...值得一玩,好评
景点空气很清新，住宿实惠，当地人很和善，土鸡很好吃！,好评
风景还不错，要爬点山，一条山暴顺流而下，空气很好。,好评
景点分二个，一个看山水，一个也是，多一个农家，景点没有特别的亮点，风景一般吧，停车景口付十元进去就不用再付了，一个景点一个半小时游程,好评
景点分二个，一个看山水，一个也是，多一个农家，景点没有特别的亮点，风景一般吧，停车景口付十元进去就不用再付了，一个景点一个半小时游程,好评
山美，水美，值得一去的好地方，有空还会再游。,好评
"这次利用小长假去了山沟沟,景点离上海和杭州都很近,第一次去印象不错,号称小九寨沟.景点门票不很贵,两个分点也各有特色.一般周末去人也不会太多.推荐!",好评
杭州山沟沟前几年也来过，这次带朋友再次游玩感觉景点设施比上次来有所改善，比较人性化点了。这次通过同程订阅景点门票优惠了8元钱，感觉很好！以后还会通过同程网预订！,好评
在山沟沟风景区可以玩两天，有很多的农家乐，价格合理。山泉水都是清澈见底的，周边是群山环绕的。让人去了就不想回到城市，值得去的地方,好评
从上海出发一家下午了因为景点营业时间很长所以选择但是6点进山里还是有些小怕的看到很多小瀑布但是由于傍晚的原因多了些幽静少了些惬意一票一个梨挺甜的,好评
山里的农家菜新鲜又实惠，得到一致好评，以至于后面几顿在杭州市里吃的总觉得不舒服了，呵呵。中午到的，玩了一个下午，虽然是很累，但也很尽兴，水那叫一个清凉啊，舒服啊，就是鱼好乖啊，买了两种捞鱼工具，捞了好久也没捞到，有意思，走的时候，把工具送人了，希望人家能捞到~~~~~~,好评
取票很方便，景点风景很好，汤坑比较好玩，有山有水，孩子们还玩了竹筏，捉鱼，很尽兴，值得玩！一路风景也不错！还会来,好评
带着一家人还有狗狗一起到山沟沟玩，狗狗可以带进景区，和我们一起爬了很高的山~~好多人看到小狗都非常喜欢~景区有水有山，喜欢玩水的狗是很开心的吧~,好评
山沟沟离杭州不远，空气不错，只是感觉票价略贵。非常适合一家人带着小孩来爬爬山吃吃饭。ps：感觉山里的饭偏咸，如果你口味比较淡，那么请提前跟老板说明少放盐。,好评
好山好水好风光，人很多，相对于杭州周边游性价比还是很高的地方，就是景还要收停车费比较煞风景，现在是采摘蜜梨的好时节，的确很甜，最好周末三五好友小住两天,好评
"汤坑的山水还不错,天气虽然热,进到那里就凉爽的很!茅塘胜在精致,万马奔腾景点胜在石头的惟妙惟肖,将军石,耳泉也都还不错!值得一玩的地方!",好评
同程网预定门票真的是非常便捷，景点取票相当的方便，山沟沟很适合家里有老人小孩出行，因为山不高，也不陡。危险性比较小。当地的手工年糕相当不错。再次支持下同程网！,好评
总体来说挺不错的。回归大自然的感觉真真是极好的。山里很阴凉，水也特别干净空气特别清新，是夏日避暑的好地方。但像这样的地方难免会走的有些累。山里的人也很热情，做做小本生意也不会太坑人，自驾游停车也很方便。虽然一天就结束了，但还是很开心的一次全家游。,好评
10.1全家出游，一开始没决定去哪里，看网上介绍余杭山沟沟不错，就在同程网订了票，去了之后觉得不虚此行！上午8点左右先到了汤坑，一路爬上去，空气很好，人感觉很清爽，汤坑景区游览时间在5小时左右。下午去了茅塘，茅塘农家乐很多，尝试了手打年糕、现做豆浆及现在米酒，味道真的不错！,好评
这个景点还是不错的，汤坑很多水，而且也不危险可以和水亲密接触，适合全家出游，这里民风还是比较纯朴的，就是景点附近餐馆消费比较贵，同程订票取票方便，赞一个,好评
"风景还好，商业氛围不是太浓.兑换门票时家庭套票只给了二张大人票，没给儿童票,等了好长一段时间，吃饭也不贵,总体还可以。",好评
环境很有特色，爬飞瀑感觉意犹未尽，矛盾的是，爬完飞瀑后换了短裤，再去万马石，2条腿顿时成了蚊子的美餐，痛苦啊。在茅塘吃了农家菜，超级好吃，尤其是那个炒蛋，在城市里绝对吃不到这个味道的，强烈推荐。,好评
换票很方便，同程客服态度很好，景区工作人员态度也很好，景点非常美，值得一玩，有机会还会去的nn,好评
感觉挺好的，山清水秀，汤坑自然风景比较多，路程也较远，来回可玩四小时，茅塘人文景观较多，一天行程刚好可以玩两个景点,好评
景点还可以，一路就是爬山玩水，适合夏天去玩。同程预定的票居然没有成功，原价买的票入园，不过同程最后帮我解决了，还是很靠谱的网站。,好评
风景还行，就是为什么门票还不包括接送车辆。还要爬那么高的山才到进口。还好自己有车。哎哎。。。不然又要花20买票。。桑不起。。,好评
山清水秀，空气清新，山势陡峭，爬的累**，两个地方玩下来好累，其实去一个地方玩就好了，两个地方没有什么区别，票价有点贵,好评
自驾游停车不方便之外景点还是没话说的，适合有老有小的一家子出行，感觉是在山上造的公园，有公园的感觉也有山的感觉,好评
山沟沟的风景真不错，间儿下些阵雨，空气非常新鲜。建议自驾。走杭长高速百丈出口下，这段高速开通半年，很多地图还未标识，车很少。,好评
"由于是淡季山上没有什么人.一路上山看到很多冰柱非常漂亮.只是到山顶有一段路是探险路带小孩就放弃了没有登到山顶小有遗憾.汤坑停车场不多,都是沿着山路停放的.可这个季节都是农民收割竹子的季节,停车场都成了农民收割场了.",好评
性价比较高，还是值得双休日偷闲一下，享受一下在潺潺流水声中入睡的感觉。但不要抱很高的期望，毕竟，江浙一带的景点都有点大同小异。另：那里蚊子特多，建议做好防护措施。,好评
上午10点到山沟沟，先去了茅塘，下午4点去了汤坑。茅塘有分散的3个景点，汤坑就是山沟沟主推的山沟沟溪水游玩。带小孩玩了水，爬了山，很喜欢站在半山腰看成片的竹海的感觉。,好评
感觉挺好的，山清水秀，汤坑自然风景比较多，路程也较远，来回可玩四小时，茅塘人文景观较多，一天行程刚好可以玩两个景点,好评
10.1全家出游，在同程网订了票，订了农家乐去了之后觉得不虚此行！中午12点左右先到了汤坑，一路爬上去，空气很好，人感觉很清爽，汤坑景区游览时间在5小时左右。适合小孩玩，竹笺是个亮点。第二天去了茅塘，茅塘农家乐很多，尝试了手打年糕、现做豆浆及现在米酒，味道真的不错！,好评
景点非常好，那里面的人比较淳朴，住在一竹景园农家乐，每晚100元，还可以，如果有洗漱用品就好了，这是要自带的。吃的还可以，菜是当地茶。感谢茅塘叠翠的检票员，因为我们上厕所时有两张掉下去了，给进景区时，给检票员说明情况，就让我们进去了，再次感谢!,好评
同程网取票非常方便，景点服务人员态度也不错哦。希望同程网越做越大，优惠力度也越来越大。山沟沟真是个不错的地方。下次还要去！,好评
**定的二日游，前一天乌镇西湖都是看人，山沟沟成为我杭州行回味无穷的旅程，山泉真的很凉很爽，建议各位出游一定要多玩玩，最好能在山上民宿过夜，我们只玩半天，意犹未尽啊,好评
看了景点以后，与网上介绍相比较，比较客观。环境优美，山势雄伟。景点接待人员热情周到，乡民都比较淳朴。,好评
几次去山沟沟的经历，给我的感觉是，一定要挑一个有雨的日子去。自助游，休闲为主，去景区用不了2个小时，但是要是有场雨，会让你的旅途充满色彩。,好评
生态好，游客少，所以有些项目未开放等。10:45到景区，刚开始游玩就发现路边有蛇，只能说环境太好了呵呵。,好评
景色不错，但进山的路实在不好，虽在修路，但看样子修好了路也不太，这次路修得太窄了，肯定下次还要堵。,好评
山沟沟比较适合自驾休闲游，从杭州火车站到山沟沟还需要1个多小时的车程，而且他的两个景区（汤坑和茅塘）之间有些距离,好评
空气清新，环境清幽，就是山路走起来有点累，可能是我缺乏锻炼的缘故。总的来说还是值得一去的,好评
汤坑更值得一去。。溪水很清很凉。。水里还有小鱼。。整个景区温度适宜。。是个避暑的好地方。。,好评
第二次去山沟沟了。上次区的时候由于时间紧只去了汤坑景区，这次除了汤坑还去茅塘体验了溯溪，家人玩的很尽兴，特别是女儿。,好评
很好，山清水秀，夏天值得一去。农家菜很鲜美，特别推荐汤坑景点进口的那家农家，厨房和店堂都很干净。,好评
天然氧吧，民风淳朴，茅塘的溯瀑很是好玩，如果不赶时间的话，最好是在山顶的农家乐住一晚（70~120一晚），一天玩一个景点。山里不是很热。,好评
不错的景点，里面的溪沟小孩子可以抓鱼和虾，还可以竹排，山里很凉快凉快，是不错的夏季游玩景点。,好评
山沟沟的汤坑有山有水，水清让人心醉！一路走一路水，水中小溪鱼引得我女儿阵阵惊叫，这样玩了近三个小时！真好。茅塘整体上不如汤坑，有点热！而且里头的溯瀑又要收20元，坑人！,好评
长假前三天才定的行程，深怕无法预定，没想到人还不多，看来适合我这样随性而去的游客。,好评
非常不错，值得一去~特别是汤坑，现在终于懂为什么要推出联票了~因为茅塘古村落群一般不会特意去看~不过农家乐不少~住宿不成问题！喜欢汤坑里的竹筏~超赞！,好评
取票方便，先到游客服务中心取票，然后可以开车去景区，停车位不是太多，景色，环境很好。,好评
景区的风景不错哦，地方特别大，还有好多山庄农家乐，完全是在山里面了。值得再次过来游玩,好评
第二次去这个景点了，第一次是单位组织活动。感觉地方不错，清凉，幽静，风景不错，山不是很高，爬上去不会吃力，关键是沿路一直有水，这点是最关键的。,好评
因为5年前去过这里，这次是带父母去玩的，有很多地方已经有了变化，虽然有点失望。对于第一次去那里玩的人应该算是不错的地方，最好是自助游不用赶时间，好好放松一下。,好评
汤坑不错，就是爬山还是挺累的。茅塘就没什么了，只用了十多分钟就走了一圈。售票处实在是太不专业了，开始居然说没有订单，幸好后来又找到了，换个票居然要二十多分钟。,好评
汤坑比较好玩，去的那天人很少，很不错，送的梨好甜．后来还在路边买了点回家，茅塘只去了一小部分，没觉得好玩，同程订票非常方便，下次订还选同程．,好评
很好玩的地方，适合全家出游，爬爬山，吃吃农家菜，喝喝米酒，大人小孩都喜欢。农家乐的服务也很好，总之有空还会去的,好评
没得挑的，棒棒哒！！,好评
到景点兑换门票很方便山沟沟景区环境特别清幽空气好人也不是很多与其出远门家附近也不错啊介绍好多朋友过去,好评
景区风景很好夜晚很凉快价格也不贵值得一去不好意思点评晚了,好评
一点不好玩，还收了我车程费，这些都没说有这些费用。而且是按正常的钱交的。,好评
山沟沟景区玩的很开心，水很清澈，孩子玩的不亦乐乎，可以和孩子一起撑竹筏，捉小鱼，荡秋千，反正玩的很尽兴！还想去的,好评
住的高家农庄，因为是农家乐，洗漱用品需要自己带，有几个朋友忘记带了，不过老板娘很热情，把我们安排的很好，还让我们上山自己去挖笋，挺好,好评
环境很好，习惯了城市得喧嚣，偶尔来了次如此安静清新得地方，身心都能得到很好的放松！朋友一起爬山，看风景，挖竹笋，住农家，吃土菜…山沟沟真心不错，以后有机会就会来度假旅游,好评
景色不错，带六岁儿子一起去的，还带了网兜，可以到瀑布里网鱼，林子里也不觉得热，因为瀑布的水是很凉的，儿子很开心，适合家庭游玩，就是现在路没修好，不怎么好走。,好评
纯休闲的好地方，值得看看，建议穿洞洞鞋，水很多，网上订单的朋友要在接待中心换票，不然要返回2公里。,好评
当天上午正好下大雨，景区人极少，取票快，各景点的交通车也是及其，环境好。,好评
"国庆假日期间我通过同程网预定了山沟沟旅游票,到那接待中心取票也挺顺利的,服务态度不错,山沟沟景区空气和坏境都很好,相比一些热门旅游点,这里的人少很多,比较安静,能让身心都得到好的放松,是个物超所值的地方.",好评
